workload,variant,commit,run,write_ns,read_ns,sync_ns,dirty_sync_ns,clean_sync_ns,unmount_ns
sequential,baseline,4d1f03698,0,6304592,5896281,15664,,,
sequential,baseline,4d1f03698,1,6302521,5913461,18349,,,
sequential,baseline,4d1f03698,2,6302242,6339664,24244,,,
sequential,baseline,4d1f03698,3,6293462,5959387,16728,,,
sequential,baseline,4d1f03698,4,6274765,5974452,16699,,,
sequential,baseline,4d1f03698,5,6281437,5927525,15765,,,
sequential,baseline,4d1f03698,6,6566608,7728161,46174,,,
sequential,baseline,4d1f03698,7,6287816,5879711,16852,,,
sequential,baseline,4d1f03698,8,6285708,5898900,16284,,,
sequential,baseline,4d1f03698,9,6282158,5916700,16190,,,
sequential,baseline,4d1f03698,10,7703955,10134515,26805,,,
sequential,baseline,4d1f03698,11,8218055,6574728,18950,,,
sequential,baseline,4d1f03698,12,6965606,8106962,22486,,,
sequential,baseline,4d1f03698,13,8293302,10996501,27378,,,
sequential,baseline,4d1f03698,14,7395017,7127447,20245,,,
sequential,baseline,4d1f03698,15,6302376,6811268,18713,,,
sequential,baseline,4d1f03698,16,6435021,7448717,19819,,,
sequential,baseline,4d1f03698,17,6431174,5916293,17158,,,
sequential,baseline,4d1f03698,18,6290180,5930473,17790,,,
sequential,baseline,4d1f03698,19,6309448,5931101,18672,,,
sequential,baseline,4d1f03698,20,6299025,5957194,17932,,,
sequential,baseline,4d1f03698,21,6296416,5899578,17812,,,
sequential,baseline,4d1f03698,22,6292487,5875043,17086,,,
sequential,baseline,4d1f03698,23,6386435,6081427,16504,,,
sequential,baseline,4d1f03698,24,6161691,6576454,18553,,,
sequential,baseline,4d1f03698,25,6236890,5975005,17395,,,
sequential,baseline,4d1f03698,26,6157432,5925788,16047,,,
sequential,baseline,4d1f03698,27,6309322,6170631,17070,,,
sequential,baseline,4d1f03698,28,6148502,5866531,16325,,,
sequential,baseline,4d1f03698,29,6204055,5977396,17897,,,
sequential,baseline,4d1f03698,30,6203760,5861951,17824,,,
sequential,baseline,4d1f03698,31,6240403,5893775,17230,,,
sequential,baseline,4d1f03698,32,6210016,5896028,17441,,,
sequential,baseline,4d1f03698,33,6232626,6134014,17569,,,
sequential,baseline,4d1f03698,34,6251987,5858308,17815,,,
sequential,baseline,4d1f03698,35,6208081,5874328,17105,,,
sequential,baseline,4d1f03698,36,6203898,5842060,17453,,,
sequential,baseline,4d1f03698,37,6243387,5987301,17075,,,
sequential,baseline,4d1f03698,38,6198586,5848129,17095,,,
sequential,baseline,4d1f03698,39,6211897,6086007,16579,,,
sequential,baseline,4d1f03698,40,6115919,5965462,16473,,,
sequential,baseline,4d1f03698,41,6705361,8059590,20455,,,
sequential,baseline,4d1f03698,42,6973759,7052109,19713,,,
sequential,baseline,4d1f03698,43,7059251,6861341,19008,,,
sequential,baseline,4d1f03698,44,6731325,6524498,17629,,,
sequential,baseline,4d1f03698,45,6302075,5968932,18305,,,
sequential,baseline,4d1f03698,46,6301508,5890180,17370,,,
sequential,baseline,4d1f03698,47,6295418,5919779,17740,,,
sequential,baseline,4d1f03698,48,6298383,5933440,17962,,,
sequential,baseline,4d1f03698,49,6290181,5937609,17219,,,
sequential,implementation,e05159fa1,0,6320630,5887682,18050,,,
sequential,implementation,e05159fa1,1,6302127,5913430,17439,,,
sequential,implementation,e05159fa1,2,6326465,5938980,19557,,,
sequential,implementation,e05159fa1,3,6220324,5854031,16723,,,
sequential,implementation,e05159fa1,4,6231046,5890324,17363,,,
sequential,implementation,e05159fa1,5,6205465,5915794,17002,,,
sequential,implementation,e05159fa1,6,6271520,6459009,34337,,,
sequential,implementation,e05159fa1,7,7645736,7360879,18761,,,
sequential,implementation,e05159fa1,8,6788260,7633647,18968,,,
sequential,implementation,e05159fa1,9,6708051,7235984,18922,,,
sequential,implementation,e05159fa1,10,6748989,6219834,17921,,,
sequential,implementation,e05159fa1,11,6347417,5948380,18898,,,
sequential,implementation,e05159fa1,12,6322466,6140435,17494,,,
sequential,implementation,e05159fa1,13,6310666,5918744,17131,,,
sequential,implementation,e05159fa1,14,6445335,5918150,17936,,,
sequential,implementation,e05159fa1,15,6303146,5956473,19170,,,
sequential,implementation,e05159fa1,16,6322669,5944752,17664,,,
sequential,implementation,e05159fa1,17,6302752,5866989,17687,,,
sequential,implementation,e05159fa1,18,6341347,5954229,17479,,,
sequential,implementation,e05159fa1,19,6222828,6063721,17734,,,
sequential,implementation,e05159fa1,20,6233552,5943815,18526,,,
sequential,implementation,e05159fa1,21,6210559,5939804,17957,,,
sequential,implementation,e05159fa1,22,6710331,5899074,17445,,,
sequential,implementation,e05159fa1,23,6205525,5878208,19209,,,
sequential,implementation,e05159fa1,24,6261394,5887627,18515,,,
sequential,implementation,e05159fa1,25,6215392,5963845,17001,,,
sequential,implementation,e05159fa1,26,6318701,5978735,16988,,,
sequential,implementation,e05159fa1,27,6209868,5860553,16525,,,
sequential,implementation,e05159fa1,28,6274581,6055079,18301,,,
sequential,implementation,e05159fa1,29,6204790,5908187,18095,,,
sequential,implementation,e05159fa1,30,6804968,7007738,18286,,,
sequential,implementation,e05159fa1,31,6275917,5875161,18221,,,
sequential,implementation,e05159fa1,32,6327581,5892471,17883,,,
sequential,implementation,e05159fa1,33,6215314,6296857,17625,,,
sequential,implementation,e05159fa1,34,6657924,5935455,17995,,,
sequential,implementation,e05159fa1,35,6303589,5876821,17502,,,
sequential,implementation,e05159fa1,36,6317979,6248742,19039,,,
sequential,implementation,e05159fa1,37,6663983,7491026,19407,,,
sequential,implementation,e05159fa1,38,6964578,7198237,20115,,,
sequential,implementation,e05159fa1,39,7007513,6757534,18742,,,
sequential,implementation,e05159fa1,40,6776069,6371810,19503,,,
sequential,implementation,e05159fa1,41,6303390,6006869,18372,,,
sequential,implementation,e05159fa1,42,6320297,5936207,17582,,,
sequential,implementation,e05159fa1,43,6305783,5883173,16954,,,
sequential,implementation,e05159fa1,44,6318408,5925498,17762,,,
sequential,implementation,e05159fa1,45,6310073,5954916,18341,,,
sequential,implementation,e05159fa1,46,6329781,5978056,17600,,,
sequential,implementation,e05159fa1,47,6302478,5975915,17455,,,
sequential,implementation,e05159fa1,48,6316716,5868026,17471,,,
sequential,implementation,e05159fa1,49,6304868,5935142,18452,,,
sync-cycle,baseline,4d1f03698,0,,,,8305,210,5366
sync-cycle,baseline,4d1f03698,1,,,,7514,236,5129
sync-cycle,baseline,4d1f03698,2,,,,9545,290,6343
sync-cycle,baseline,4d1f03698,3,,,,8979,237,5731
sync-cycle,baseline,4d1f03698,4,,,,8720,231,5457
sync-cycle,baseline,4d1f03698,5,,,,12509,437,9268
sync-cycle,baseline,4d1f03698,6,,,,8782,258,6068
sync-cycle,baseline,4d1f03698,7,,,,8554,282,5689
sync-cycle,baseline,4d1f03698,8,,,,7918,216,5235
sync-cycle,baseline,4d1f03698,9,,,,7793,251,5296
sync-cycle,baseline,4d1f03698,10,,,,8636,214,5220
sync-cycle,baseline,4d1f03698,11,,,,7905,217,5266
sync-cycle,baseline,4d1f03698,12,,,,8533,225,5375
sync-cycle,baseline,4d1f03698,13,,,,8257,237,5438
sync-cycle,baseline,4d1f03698,14,,,,8488,233,5412
sync-cycle,baseline,4d1f03698,15,,,,8616,237,5415
sync-cycle,baseline,4d1f03698,16,,,,7592,198,4936
sync-cycle,baseline,4d1f03698,17,,,,7666,239,5155
sync-cycle,baseline,4d1f03698,18,,,,7631,235,5206
sync-cycle,baseline,4d1f03698,19,,,,8003,240,5376
sync-cycle,baseline,4d1f03698,20,,,,8065,214,5117
sync-cycle,baseline,4d1f03698,21,,,,7493,221,5149
sync-cycle,baseline,4d1f03698,22,,,,7530,230,5473
sync-cycle,baseline,4d1f03698,23,,,,7983,216,4830
sync-cycle,baseline,4d1f03698,24,,,,8288,175,5225
sync-cycle,baseline,4d1f03698,25,,,,7586,219,5193
sync-cycle,baseline,4d1f03698,26,,,,7612,195,5412
sync-cycle,baseline,4d1f03698,27,,,,7445,233,5075
sync-cycle,baseline,4d1f03698,28,,,,7480,190,5301
sync-cycle,baseline,4d1f03698,29,,,,7644,189,4907
sync-cycle,baseline,4d1f03698,30,,,,8247,204,5200
sync-cycle,baseline,4d1f03698,31,,,,7679,212,5177
sync-cycle,baseline,4d1f03698,32,,,,9161,271,23939
sync-cycle,baseline,4d1f03698,33,,,,8346,221,5275
sync-cycle,baseline,4d1f03698,34,,,,8201,227,5666
sync-cycle,baseline,4d1f03698,35,,,,8530,234,5391
sync-cycle,baseline,4d1f03698,36,,,,7748,202,4922
sync-cycle,baseline,4d1f03698,37,,,,7684,191,5249
sync-cycle,baseline,4d1f03698,38,,,,7514,199,5026
sync-cycle,baseline,4d1f03698,39,,,,7390,240,5452
sync-cycle,baseline,4d1f03698,40,,,,11935,241,6822
sync-cycle,baseline,4d1f03698,41,,,,11597,349,7776
sync-cycle,baseline,4d1f03698,42,,,,24367,254,5264
sync-cycle,baseline,4d1f03698,43,,,,8880,239,6573
sync-cycle,baseline,4d1f03698,44,,,,13104,293,7946
sync-cycle,baseline,4d1f03698,45,,,,11332,341,7052
sync-cycle,baseline,4d1f03698,46,,,,7674,207,5150
sync-cycle,baseline,4d1f03698,47,,,,9672,262,6958
sync-cycle,baseline,4d1f03698,48,,,,12333,311,7992
sync-cycle,baseline,4d1f03698,49,,,,12326,300,7318
sync-cycle,implementation,e05159fa1,0,,,,8256,265,5026
sync-cycle,implementation,e05159fa1,1,,,,9120,300,5232
sync-cycle,implementation,e05159fa1,2,,,,8192,274,5738
sync-cycle,implementation,e05159fa1,3,,,,7813,278,4847
sync-cycle,implementation,e05159fa1,4,,,,7684,270,4891
sync-cycle,implementation,e05159fa1,5,,,,7863,270,5007
sync-cycle,implementation,e05159fa1,6,,,,7638,232,5210
sync-cycle,implementation,e05159fa1,7,,,,8041,215,5107
sync-cycle,implementation,e05159fa1,8,,,,8364,230,5390
sync-cycle,implementation,e05159fa1,9,,,,7480,214,4861
sync-cycle,implementation,e05159fa1,10,,,,7883,298,5295
sync-cycle,implementation,e05159fa1,11,,,,7491,217,5120
sync-cycle,implementation,e05159fa1,12,,,,8111,241,5456
sync-cycle,implementation,e05159fa1,13,,,,7635,200,4793
sync-cycle,implementation,e05159fa1,14,,,,24591,268,5116
sync-cycle,implementation,e05159fa1,15,,,,7684,202,4749
sync-cycle,implementation,e05159fa1,16,,,,8193,193,4847
sync-cycle,implementation,e05159fa1,17,,,,7990,234,5237
sync-cycle,implementation,e05159fa1,18,,,,7885,251,5049
sync-cycle,implementation,e05159fa1,19,,,,7799,200,5120
sync-cycle,implementation,e05159fa1,20,,,,7935,244,5242
sync-cycle,implementation,e05159fa1,21,,,,7994,209,4910
sync-cycle,implementation,e05159fa1,22,,,,7997,240,5069
sync-cycle,implementation,e05159fa1,23,,,,8001,220,5389
sync-cycle,implementation,e05159fa1,24,,,,7602,228,4781
sync-cycle,implementation,e05159fa1,25,,,,7918,228,5179
sync-cycle,implementation,e05159fa1,26,,,,7713,200,5029
sync-cycle,implementation,e05159fa1,27,,,,7961,246,5077
sync-cycle,implementation,e05159fa1,28,,,,7983,205,5191
sync-cycle,implementation,e05159fa1,29,,,,7688,211,5123
sync-cycle,implementation,e05159fa1,30,,,,7977,244,5520
sync-cycle,implementation,e05159fa1,31,,,,7538,234,4828
sync-cycle,implementation,e05159fa1,32,,,,7943,205,4993
sync-cycle,implementation,e05159fa1,33,,,,8701,272,5989
sync-cycle,implementation,e05159fa1,34,,,,9953,258,6321
sync-cycle,implementation,e05159fa1,35,,,,9887,270,5680
sync-cycle,implementation,e05159fa1,36,,,,9023,250,5653
sync-cycle,implementation,e05159fa1,37,,,,8731,228,5636
sync-cycle,implementation,e05159fa1,38,,,,8595,271,5426
sync-cycle,implementation,e05159fa1,39,,,,8015,212,5289
sync-cycle,implementation,e05159fa1,40,,,,7988,219,5075
sync-cycle,implementation,e05159fa1,41,,,,8819,283,5165
sync-cycle,implementation,e05159fa1,42,,,,7851,265,5200
sync-cycle,implementation,e05159fa1,43,,,,7780,230,5243
sync-cycle,implementation,e05159fa1,44,,,,7989,273,5295
sync-cycle,implementation,e05159fa1,45,,,,7590,242,4919
sync-cycle,implementation,e05159fa1,46,,,,7568,230,4896
sync-cycle,implementation,e05159fa1,47,,,,7828,228,5206
sync-cycle,implementation,e05159fa1,48,,,,7418,198,4989
sync-cycle,implementation,e05159fa1,49,,,,8055,201,5390
