workload,variant,commit,batch,run,write_ns,read_ns,sync_ns,dirty_sync_ns,clean_sync_ns,unmount_ns
sequential,baseline,3acc11385,0,0,7125387,6399119,19027,,,
sequential,baseline,3acc11385,0,1,6308864,6058980,18021,,,
sequential,baseline,3acc11385,0,2,6457519,6050627,19510,,,
sequential,baseline,3acc11385,0,3,6309483,6006736,17173,,,
sequential,baseline,3acc11385,0,4,6946976,6842908,18308,,,
sequential,baseline,3acc11385,0,5,6656656,6184979,18558,,,
sequential,baseline,3acc11385,0,6,6311590,6247962,18511,,,
sequential,baseline,3acc11385,0,7,6429988,6147427,17532,,,
sequential,baseline,3acc11385,0,8,6312965,6033447,17924,,,
sequential,baseline,3acc11385,0,9,6316959,6077202,17015,,,
sequential,baseline,3acc11385,0,10,6326257,6049366,17819,,,
sequential,baseline,3acc11385,0,11,6310421,6007929,17515,,,
sequential,baseline,3acc11385,0,12,6550035,6034783,18928,,,
sequential,baseline,3acc11385,0,13,6361489,6001850,17960,,,
sequential,baseline,3acc11385,0,14,6424156,6037990,18851,,,
sequential,baseline,3acc11385,0,15,6459994,6014298,18821,,,
sequential,baseline,3acc11385,0,16,6376671,6065680,18855,,,
sequential,baseline,3acc11385,0,17,6330788,6014616,17250,,,
sequential,baseline,3acc11385,0,18,6313706,6040805,17096,,,
sequential,baseline,3acc11385,0,19,6470529,5997027,18270,,,
sequential,implementation,b80dd453f,0,0,6988138,7938101,20602,,,
sequential,implementation,b80dd453f,0,1,7090586,6810319,19748,,,
sequential,implementation,b80dd453f,0,2,6886528,6372536,17982,,,
sequential,implementation,b80dd453f,0,3,6295451,6298443,17644,,,
sequential,implementation,b80dd453f,0,4,6304070,6332428,16810,,,
sequential,implementation,b80dd453f,0,5,6302252,6422322,17010,,,
sequential,implementation,b80dd453f,0,6,6300304,6157364,16990,,,
sequential,implementation,b80dd453f,0,7,6678535,6646222,17385,,,
sequential,implementation,b80dd453f,0,8,6693583,6578853,17684,,,
sequential,implementation,b80dd453f,0,9,6399978,6516042,17364,,,
sequential,implementation,b80dd453f,0,10,6738766,6368842,17861,,,
sequential,implementation,b80dd453f,0,11,6575997,6759175,19355,,,
sequential,implementation,b80dd453f,0,12,6822731,6896750,19996,,,
sequential,implementation,b80dd453f,0,13,6495903,7523289,18743,,,
sequential,implementation,b80dd453f,0,14,6713822,6315146,17610,,,
sequential,implementation,b80dd453f,0,15,6440809,6123221,17878,,,
sequential,implementation,b80dd453f,0,16,6588424,6270967,17376,,,
sequential,implementation,b80dd453f,0,17,6391918,6210140,16787,,,
sequential,implementation,b80dd453f,0,18,6393273,6009897,18453,,,
sequential,implementation,b80dd453f,0,19,6417613,6044720,18307,,,
sync-cycle,baseline,3acc11385,0,0,,,,8610,227,6357
sync-cycle,baseline,3acc11385,0,1,,,,8484,230,5656
sync-cycle,baseline,3acc11385,0,2,,,,8449,198,5770
sync-cycle,baseline,3acc11385,0,3,,,,11000,230,6013
sync-cycle,baseline,3acc11385,0,4,,,,8618,226,5852
sync-cycle,baseline,3acc11385,0,5,,,,7886,221,5936
sync-cycle,baseline,3acc11385,0,6,,,,9031,245,6224
sync-cycle,baseline,3acc11385,0,7,,,,8810,227,6329
sync-cycle,baseline,3acc11385,0,8,,,,14947,516,8672
sync-cycle,baseline,3acc11385,0,9,,,,10144,340,6887
sync-cycle,baseline,3acc11385,0,10,,,,27933,349,22534
sync-cycle,baseline,3acc11385,0,11,,,,8015,252,6051
sync-cycle,baseline,3acc11385,0,12,,,,8326,209,6239
sync-cycle,baseline,3acc11385,0,13,,,,8190,194,5663
sync-cycle,baseline,3acc11385,0,14,,,,7974,182,5655
sync-cycle,baseline,3acc11385,0,15,,,,7947,203,5819
sync-cycle,baseline,3acc11385,0,16,,,,8235,201,5676
sync-cycle,baseline,3acc11385,0,17,,,,8038,202,5896
sync-cycle,baseline,3acc11385,0,18,,,,8199,209,5717
sync-cycle,baseline,3acc11385,0,19,,,,7898,245,5738
sync-cycle,implementation,b80dd453f,0,0,,,,7471,242,5486
sync-cycle,implementation,b80dd453f,0,1,,,,7722,178,5357
sync-cycle,implementation,b80dd453f,0,2,,,,7943,209,5122
sync-cycle,implementation,b80dd453f,0,3,,,,7749,189,5098
sync-cycle,implementation,b80dd453f,0,4,,,,8417,171,5401
sync-cycle,implementation,b80dd453f,0,5,,,,8338,185,5218
sync-cycle,implementation,b80dd453f,0,6,,,,8063,187,5307
sync-cycle,implementation,b80dd453f,0,7,,,,7532,200,5053
sync-cycle,implementation,b80dd453f,0,8,,,,7395,195,5320
sync-cycle,implementation,b80dd453f,0,9,,,,7452,179,4998
sync-cycle,implementation,b80dd453f,0,10,,,,7466,207,4937
sync-cycle,implementation,b80dd453f,0,11,,,,7577,204,5198
sync-cycle,implementation,b80dd453f,0,12,,,,7384,198,5186
sync-cycle,implementation,b80dd453f,0,13,,,,8048,180,5228
sync-cycle,implementation,b80dd453f,0,14,,,,8171,178,5678
sync-cycle,implementation,b80dd453f,0,15,,,,9597,261,5281
sync-cycle,implementation,b80dd453f,0,16,,,,8219,188,5108
sync-cycle,implementation,b80dd453f,0,17,,,,8101,214,5332
sync-cycle,implementation,b80dd453f,0,18,,,,7895,201,5390
sync-cycle,implementation,b80dd453f,0,19,,,,7707,195,5101
sequential,implementation,b80dd453f,1,0,6324047,7383992,19262,,,
sequential,implementation,b80dd453f,1,1,7065078,7404254,21597,,,
sequential,implementation,b80dd453f,1,2,7062267,7159390,18623,,,
sequential,implementation,b80dd453f,1,3,7381223,7572592,18755,,,
sequential,implementation,b80dd453f,1,4,6807442,7023603,19668,,,
sequential,implementation,b80dd453f,1,5,6782272,6876176,18281,,,
sequential,implementation,b80dd453f,1,6,6508687,6347436,20092,,,
sequential,implementation,b80dd453f,1,7,6748191,6915632,19167,,,
sequential,implementation,b80dd453f,1,8,6385262,6081884,18185,,,
sequential,implementation,b80dd453f,1,9,7120949,6581388,17788,,,
sequential,implementation,b80dd453f,1,10,6701150,6182883,20146,,,
sequential,implementation,b80dd453f,1,11,6316482,6119920,18609,,,
sequential,implementation,b80dd453f,1,12,6314863,6020636,18304,,,
sequential,implementation,b80dd453f,1,13,6308389,6021088,17938,,,
sequential,implementation,b80dd453f,1,14,6313617,5995763,17748,,,
sequential,implementation,b80dd453f,1,15,6318439,6094738,18594,,,
sequential,implementation,b80dd453f,1,16,6263774,6107742,17479,,,
sequential,implementation,b80dd453f,1,17,6212611,6384004,18805,,,
sequential,implementation,b80dd453f,1,18,6476697,6499342,18825,,,
sequential,implementation,b80dd453f,1,19,6673097,6649187,18398,,,
sequential,baseline,3acc11385,1,0,6310499,6010366,17899,,,
sequential,baseline,3acc11385,1,1,6410550,6223049,18593,,,
sequential,baseline,3acc11385,1,2,6315707,5996144,17814,,,
sequential,baseline,3acc11385,1,3,6225556,6074820,18147,,,
sequential,baseline,3acc11385,1,4,6214519,6503158,18807,,,
sequential,baseline,3acc11385,1,5,6218473,7619363,19988,,,
sequential,baseline,3acc11385,1,6,6998338,7055932,21347,,,
sequential,baseline,3acc11385,1,7,7071716,6986363,18945,,,
sequential,baseline,3acc11385,1,8,6934381,7628531,19032,,,
sequential,baseline,3acc11385,1,9,6771912,6143246,17777,,,
sequential,baseline,3acc11385,1,10,6302055,6000509,18858,,,
sequential,baseline,3acc11385,1,11,6448635,6026618,18241,,,
sequential,baseline,3acc11385,1,12,6450305,6022416,18327,,,
sequential,baseline,3acc11385,1,13,6748767,6018496,17295,,,
sequential,baseline,3acc11385,1,14,6314017,6028200,18029,,,
sequential,baseline,3acc11385,1,15,6313068,6259578,18478,,,
sequential,baseline,3acc11385,1,16,6400106,6082041,18103,,,
sequential,baseline,3acc11385,1,17,6550689,6579200,18937,,,
sequential,baseline,3acc11385,1,18,6405308,6036527,19083,,,
sequential,baseline,3acc11385,1,19,6378283,6138601,18333,,,
sync-cycle,implementation,b80dd453f,1,0,,,,7977,178,5465
sync-cycle,implementation,b80dd453f,1,1,,,,8335,243,5638
sync-cycle,implementation,b80dd453f,1,2,,,,8498,233,5392
sync-cycle,implementation,b80dd453f,1,3,,,,8264,244,5294
sync-cycle,implementation,b80dd453f,1,4,,,,7846,206,5382
sync-cycle,implementation,b80dd453f,1,5,,,,8066,227,5811
sync-cycle,implementation,b80dd453f,1,6,,,,8785,251,5770
sync-cycle,implementation,b80dd453f,1,7,,,,9142,244,5366
sync-cycle,implementation,b80dd453f,1,8,,,,8016,209,5660
sync-cycle,implementation,b80dd453f,1,9,,,,8220,252,5296
sync-cycle,implementation,b80dd453f,1,10,,,,7741,234,5117
sync-cycle,implementation,b80dd453f,1,11,,,,8083,267,5303
sync-cycle,implementation,b80dd453f,1,12,,,,7567,211,5372
sync-cycle,implementation,b80dd453f,1,13,,,,8514,217,5433
sync-cycle,implementation,b80dd453f,1,14,,,,7941,218,5219
sync-cycle,implementation,b80dd453f,1,15,,,,8074,262,5434
sync-cycle,implementation,b80dd453f,1,16,,,,8465,226,5382
sync-cycle,implementation,b80dd453f,1,17,,,,8152,215,5483
sync-cycle,implementation,b80dd453f,1,18,,,,8347,213,5593
sync-cycle,implementation,b80dd453f,1,19,,,,8309,212,5825
sync-cycle,baseline,3acc11385,1,0,,,,8338,207,5533
sync-cycle,baseline,3acc11385,1,1,,,,8432,213,5491
sync-cycle,baseline,3acc11385,1,2,,,,8197,235,5389
sync-cycle,baseline,3acc11385,1,3,,,,8389,219,5364
sync-cycle,baseline,3acc11385,1,4,,,,8107,277,5385
sync-cycle,baseline,3acc11385,1,5,,,,7943,209,5579
sync-cycle,baseline,3acc11385,1,6,,,,7984,237,5397
sync-cycle,baseline,3acc11385,1,7,,,,8394,214,5337
sync-cycle,baseline,3acc11385,1,8,,,,8107,211,5394
sync-cycle,baseline,3acc11385,1,9,,,,8102,230,5286
sync-cycle,baseline,3acc11385,1,10,,,,8293,224,5256
sync-cycle,baseline,3acc11385,1,11,,,,7918,210,5373
sync-cycle,baseline,3acc11385,1,12,,,,8312,235,5644
sync-cycle,baseline,3acc11385,1,13,,,,7990,199,5354
sync-cycle,baseline,3acc11385,1,14,,,,7979,251,5222
sync-cycle,baseline,3acc11385,1,15,,,,8072,268,5370
sync-cycle,baseline,3acc11385,1,16,,,,8363,229,5128
sync-cycle,baseline,3acc11385,1,17,,,,7924,270,5631
sync-cycle,baseline,3acc11385,1,18,,,,7894,211,5260
sync-cycle,baseline,3acc11385,1,19,,,,7679,212,5145
sequential,baseline,3acc11385,2,0,6297762,6390566,20973,,,
sequential,baseline,3acc11385,2,1,6519519,6120547,17372,,,
sequential,baseline,3acc11385,2,2,6532292,6072035,17189,,,
sequential,baseline,3acc11385,2,3,6536018,6093229,18208,,,
sequential,baseline,3acc11385,2,4,6512928,6618351,17861,,,
sequential,baseline,3acc11385,2,5,6375558,6155167,18381,,,
sequential,baseline,3acc11385,2,6,6391809,6152503,18221,,,
sequential,baseline,3acc11385,2,7,6419158,6146792,18281,,,
sequential,baseline,3acc11385,2,8,6418691,6140729,18179,,,
sequential,baseline,3acc11385,2,9,7048210,7482836,18414,,,
sequential,baseline,3acc11385,2,10,7164373,7570932,23673,,,
sequential,baseline,3acc11385,2,11,7522251,6992643,19674,,,
sequential,baseline,3acc11385,2,12,7077965,6472332,18260,,,
sequential,baseline,3acc11385,2,13,6451165,6531069,17271,,,
sequential,baseline,3acc11385,2,14,6301270,6176937,17270,,,
sequential,baseline,3acc11385,2,15,6495784,6101966,18356,,,
sequential,baseline,3acc11385,2,16,6308367,6208391,18277,,,
sequential,baseline,3acc11385,2,17,6357865,6134823,17733,,,
sequential,baseline,3acc11385,2,18,6311132,6085348,17467,,,
sequential,baseline,3acc11385,2,19,6316173,6272817,17148,,,
sequential,implementation,b80dd453f,2,0,6310421,6193071,17894,,,
sequential,implementation,b80dd453f,2,1,6494624,6203641,18066,,,
sequential,implementation,b80dd453f,2,2,6308126,6019161,18192,,,
sequential,implementation,b80dd453f,2,3,6296787,6417346,17831,,,
sequential,implementation,b80dd453f,2,4,6319093,6476059,17883,,,
sequential,implementation,b80dd453f,2,5,6292803,6037652,18937,,,
sequential,implementation,b80dd453f,2,6,6434893,6030461,17350,,,
sequential,implementation,b80dd453f,2,7,6286070,5997325,17111,,,
sequential,implementation,b80dd453f,2,8,6318080,6044792,17347,,,
sequential,implementation,b80dd453f,2,9,6363872,6091400,18414,,,
sequential,implementation,b80dd453f,2,10,6325548,6009138,18737,,,
sequential,implementation,b80dd453f,2,11,6299471,6032140,18066,,,
sequential,implementation,b80dd453f,2,12,6320327,6017928,18397,,,
sequential,implementation,b80dd453f,2,13,6304108,6023500,15851,,,
sequential,implementation,b80dd453f,2,14,6703799,6804165,18491,,,
sequential,implementation,b80dd453f,2,15,6793075,7730750,18682,,,
sequential,implementation,b80dd453f,2,16,6823467,7826525,19781,,,
sequential,implementation,b80dd453f,2,17,6991874,7035831,18607,,,
sequential,implementation,b80dd453f,2,18,6471466,6384413,16719,,,
sequential,implementation,b80dd453f,2,19,6339401,6042867,16872,,,
sync-cycle,baseline,3acc11385,2,0,,,,8261,194,5629
sync-cycle,baseline,3acc11385,2,1,,,,7536,187,5507
sync-cycle,baseline,3acc11385,2,2,,,,8111,185,5328
sync-cycle,baseline,3acc11385,2,3,,,,7457,217,5357
sync-cycle,baseline,3acc11385,2,4,,,,8146,231,5853
sync-cycle,baseline,3acc11385,2,5,,,,7490,173,5177
sync-cycle,baseline,3acc11385,2,6,,,,7896,226,5305
sync-cycle,baseline,3acc11385,2,7,,,,7834,228,7502
sync-cycle,baseline,3acc11385,2,8,,,,7773,249,5250
sync-cycle,baseline,3acc11385,2,9,,,,7813,178,5258
sync-cycle,baseline,3acc11385,2,10,,,,7917,281,5632
sync-cycle,baseline,3acc11385,2,11,,,,7657,175,5437
sync-cycle,baseline,3acc11385,2,12,,,,8602,196,5473
sync-cycle,baseline,3acc11385,2,13,,,,7657,193,5118
sync-cycle,baseline,3acc11385,2,14,,,,7914,221,5224
sync-cycle,baseline,3acc11385,2,15,,,,8254,214,5472
sync-cycle,baseline,3acc11385,2,16,,,,8109,210,5088
sync-cycle,baseline,3acc11385,2,17,,,,7858,208,5283
sync-cycle,baseline,3acc11385,2,18,,,,7566,210,5472
sync-cycle,baseline,3acc11385,2,19,,,,8397,211,5310
sync-cycle,implementation,b80dd453f,2,0,,,,7525,295,5518
sync-cycle,implementation,b80dd453f,2,1,,,,8075,217,5637
sync-cycle,implementation,b80dd453f,2,2,,,,7519,196,5533
sync-cycle,implementation,b80dd453f,2,3,,,,8836,290,20441
sync-cycle,implementation,b80dd453f,2,4,,,,7661,201,5283
sync-cycle,implementation,b80dd453f,2,5,,,,7841,211,5297
sync-cycle,implementation,b80dd453f,2,6,,,,7872,193,5682
sync-cycle,implementation,b80dd453f,2,7,,,,7845,224,5690
sync-cycle,implementation,b80dd453f,2,8,,,,8691,230,5660
sync-cycle,implementation,b80dd453f,2,9,,,,11179,239,7112
sync-cycle,implementation,b80dd453f,2,10,,,,11031,355,8755
sync-cycle,implementation,b80dd453f,2,11,,,,10643,271,6887
sync-cycle,implementation,b80dd453f,2,12,,,,8589,267,5790
sync-cycle,implementation,b80dd453f,2,13,,,,8644,266,5586
sync-cycle,implementation,b80dd453f,2,14,,,,8094,220,5340
sync-cycle,implementation,b80dd453f,2,15,,,,8170,224,6189
sync-cycle,implementation,b80dd453f,2,16,,,,7678,215,5264
sync-cycle,implementation,b80dd453f,2,17,,,,8277,252,5754
sync-cycle,implementation,b80dd453f,2,18,,,,8214,262,5648
sync-cycle,implementation,b80dd453f,2,19,,,,8270,266,5218
sequential,implementation,b80dd453f,3,0,6535511,6079364,18550,,,
sequential,implementation,b80dd453f,3,1,6522296,6118220,19271,,,
sequential,implementation,b80dd453f,3,2,6450171,6114919,17663,,,
sequential,implementation,b80dd453f,3,3,6427337,6207105,18215,,,
sequential,implementation,b80dd453f,3,4,6885015,6664202,18600,,,
sequential,implementation,b80dd453f,3,5,6495283,6162215,18911,,,
sequential,implementation,b80dd453f,3,6,6539712,6145323,18159,,,
sequential,implementation,b80dd453f,3,7,6473163,6071815,18070,,,
sequential,implementation,b80dd453f,3,8,6493624,6081556,17519,,,
sequential,implementation,b80dd453f,3,9,6574731,6131551,16759,,,
sequential,implementation,b80dd453f,3,10,6439064,6117625,18041,,,
sequential,implementation,b80dd453f,3,11,6245017,6425391,17411,,,
sequential,implementation,b80dd453f,3,12,6240172,6467063,17772,,,
sequential,implementation,b80dd453f,3,13,6413789,6187865,17811,,,
sequential,implementation,b80dd453f,3,14,6812766,6390588,17694,,,
sequential,implementation,b80dd453f,3,15,6354387,6015222,18781,,,
sequential,implementation,b80dd453f,3,16,6452752,6376583,17750,,,
sequential,implementation,b80dd453f,3,17,6240543,7072943,19435,,,
sequential,implementation,b80dd453f,3,18,7046670,7728410,20233,,,
sequential,implementation,b80dd453f,3,19,7301554,7033527,18627,,,
sequential,baseline,3acc11385,3,0,6333035,6277554,16681,,,
sequential,baseline,3acc11385,3,1,6329808,6047563,17390,,,
sequential,baseline,3acc11385,3,2,6464472,6108938,17557,,,
sequential,baseline,3acc11385,3,3,6534179,6043721,18870,,,
sequential,baseline,3acc11385,3,4,6328077,6040201,17320,,,
sequential,baseline,3acc11385,3,5,6325101,6085983,17556,,,
sequential,baseline,3acc11385,3,6,6331872,6076355,19133,,,
sequential,baseline,3acc11385,3,7,6326436,6051523,17477,,,
sequential,baseline,3acc11385,3,8,6329040,6047819,16761,,,
sequential,baseline,3acc11385,3,9,6332109,6030587,16783,,,
sequential,baseline,3acc11385,3,10,6338338,6241656,17757,,,
sequential,baseline,3acc11385,3,11,6492733,6029922,18226,,,
sequential,baseline,3acc11385,3,12,6294574,6204563,17170,,,
sequential,baseline,3acc11385,3,13,6450882,6433482,17531,,,
sequential,baseline,3acc11385,3,14,6244218,6190553,17058,,,
sequential,baseline,3acc11385,3,15,6696862,6268117,18192,,,
sequential,baseline,3acc11385,3,16,6696722,6591290,17797,,,
sequential,baseline,3acc11385,3,17,6601217,6357580,18121,,,
sequential,baseline,3acc11385,3,18,6318729,6042870,17000,,,
sequential,baseline,3acc11385,3,19,6329721,6155261,16541,,,
sync-cycle,implementation,b80dd453f,3,0,,,,8766,235,5799
sync-cycle,implementation,b80dd453f,3,1,,,,10585,225,6793
sync-cycle,implementation,b80dd453f,3,2,,,,9591,231,6499
sync-cycle,implementation,b80dd453f,3,3,,,,9165,260,6344
sync-cycle,implementation,b80dd453f,3,4,,,,8723,242,5709
sync-cycle,implementation,b80dd453f,3,5,,,,8357,242,5652
sync-cycle,implementation,b80dd453f,3,6,,,,8401,215,5490
sync-cycle,implementation,b80dd453f,3,7,,,,7884,189,5524
sync-cycle,implementation,b80dd453f,3,8,,,,7730,197,5382
sync-cycle,implementation,b80dd453f,3,9,,,,8359,235,5768
sync-cycle,implementation,b80dd453f,3,10,,,,8249,200,5298
sync-cycle,implementation,b80dd453f,3,11,,,,11575,373,7572
sync-cycle,implementation,b80dd453f,3,12,,,,8391,226,5791
sync-cycle,implementation,b80dd453f,3,13,,,,8283,235,7020
sync-cycle,implementation,b80dd453f,3,14,,,,8503,263,5534
sync-cycle,implementation,b80dd453f,3,15,,,,8155,208,5567
sync-cycle,implementation,b80dd453f,3,16,,,,8685,194,5622
sync-cycle,implementation,b80dd453f,3,17,,,,7655,195,5544
sync-cycle,implementation,b80dd453f,3,18,,,,8114,196,5482
sync-cycle,implementation,b80dd453f,3,19,,,,7681,209,5089
sync-cycle,baseline,3acc11385,3,0,,,,8292,181,5261
sync-cycle,baseline,3acc11385,3,1,,,,8509,271,5475
sync-cycle,baseline,3acc11385,3,2,,,,8436,258,5520
sync-cycle,baseline,3acc11385,3,3,,,,8500,237,5421
sync-cycle,baseline,3acc11385,3,4,,,,8375,212,5546
sync-cycle,baseline,3acc11385,3,5,,,,7942,218,5427
sync-cycle,baseline,3acc11385,3,6,,,,8186,215,5245
sync-cycle,baseline,3acc11385,3,7,,,,8319,225,5636
sync-cycle,baseline,3acc11385,3,8,,,,8830,245,5851
sync-cycle,baseline,3acc11385,3,9,,,,8517,229,5965
sync-cycle,baseline,3acc11385,3,10,,,,8663,225,5736
sync-cycle,baseline,3acc11385,3,11,,,,8277,247,5761
sync-cycle,baseline,3acc11385,3,12,,,,8385,225,5442
sync-cycle,baseline,3acc11385,3,13,,,,7842,196,5144
sync-cycle,baseline,3acc11385,3,14,,,,8176,249,5333
sync-cycle,baseline,3acc11385,3,15,,,,8419,225,5666
sync-cycle,baseline,3acc11385,3,16,,,,8421,212,5441
sync-cycle,baseline,3acc11385,3,17,,,,7884,247,5233
sync-cycle,baseline,3acc11385,3,18,,,,8184,220,5309
sync-cycle,baseline,3acc11385,3,19,,,,8329,234,5257
sequential,baseline,3acc11385,4,0,6858629,6399802,44620,,,
sequential,baseline,3acc11385,4,1,6602087,6213893,19433,,,
sequential,baseline,3acc11385,4,2,6486540,6378998,17803,,,
sequential,baseline,3acc11385,4,3,6435044,6800945,17832,,,
sequential,baseline,3acc11385,4,4,6560639,6050556,18132,,,
sequential,baseline,3acc11385,4,5,6455531,6099869,16931,,,
sequential,baseline,3acc11385,4,6,6311691,6477330,18473,,,
sequential,baseline,3acc11385,4,7,6423204,6021426,18097,,,
sequential,baseline,3acc11385,4,8,6395407,6287513,18191,,,
sequential,baseline,3acc11385,4,9,6864983,6167321,17027,,,
sequential,baseline,3acc11385,4,10,6787940,6507713,17638,,,
sequential,baseline,3acc11385,4,11,6419290,6652350,19987,,,
sequential,baseline,3acc11385,4,12,6376203,7417804,18060,,,
sequential,baseline,3acc11385,4,13,6836233,6989503,18847,,,
sequential,baseline,3acc11385,4,14,6389858,6120664,21079,,,
sequential,baseline,3acc11385,4,15,6433463,6475916,18077,,,
sequential,baseline,3acc11385,4,16,6467822,6040730,18069,,,
sequential,baseline,3acc11385,4,17,7470006,7077003,18212,,,
sequential,baseline,3acc11385,4,18,6316215,6094680,17864,,,
sequential,baseline,3acc11385,4,19,6648274,6302811,18017,,,
sequential,implementation,b80dd453f,4,0,6669412,6305306,18851,,,
sequential,implementation,b80dd453f,4,1,6513348,7370418,18888,,,
sequential,implementation,b80dd453f,4,2,7077159,7710453,20726,,,
sequential,implementation,b80dd453f,4,3,7060688,6760823,21865,,,
sequential,implementation,b80dd453f,4,4,6897083,6808159,18717,,,
sequential,implementation,b80dd453f,4,5,6482923,6106382,17557,,,
sequential,implementation,b80dd453f,4,6,6513681,6011190,19663,,,
sequential,implementation,b80dd453f,4,7,6472611,6210181,18097,,,
sequential,implementation,b80dd453f,4,8,6334925,6001026,19111,,,
sequential,implementation,b80dd453f,4,9,6383342,6037397,20710,,,
sequential,implementation,b80dd453f,4,10,6329073,6120755,18324,,,
sequential,implementation,b80dd453f,4,11,6371062,6023429,18397,,,
sequential,implementation,b80dd453f,4,12,6323039,5993476,19010,,,
sequential,implementation,b80dd453f,4,13,6349927,6159571,18748,,,
sequential,implementation,b80dd453f,4,14,6430776,6196322,18460,,,
sequential,implementation,b80dd453f,4,15,6482350,6114768,18139,,,
sequential,implementation,b80dd453f,4,16,6291426,6373016,18740,,,
sequential,implementation,b80dd453f,4,17,6668802,6024040,20580,,,
sequential,implementation,b80dd453f,4,18,6358391,6069224,18279,,,
sequential,implementation,b80dd453f,4,19,6493767,6111314,20983,,,
sync-cycle,baseline,3acc11385,4,0,,,,8583,234,5588
sync-cycle,baseline,3acc11385,4,1,,,,7682,224,5282
sync-cycle,baseline,3acc11385,4,2,,,,8274,191,5759
sync-cycle,baseline,3acc11385,4,3,,,,8345,229,5585
sync-cycle,baseline,3acc11385,4,4,,,,8867,222,5559
sync-cycle,baseline,3acc11385,4,5,,,,7715,241,5060
sync-cycle,baseline,3acc11385,4,6,,,,8426,199,5450
sync-cycle,baseline,3acc11385,4,7,,,,7443,183,5124
sync-cycle,baseline,3acc11385,4,8,,,,8525,227,5527
sync-cycle,baseline,3acc11385,4,9,,,,8122,208,5284
sync-cycle,baseline,3acc11385,4,10,,,,8104,184,5435
sync-cycle,baseline,3acc11385,4,11,,,,8483,215,5670
sync-cycle,baseline,3acc11385,4,12,,,,9127,201,5932
sync-cycle,baseline,3acc11385,4,13,,,,10025,241,6451
sync-cycle,baseline,3acc11385,4,14,,,,10105,263,6757
sync-cycle,baseline,3acc11385,4,15,,,,11120,253,7388
sync-cycle,baseline,3acc11385,4,16,,,,9254,255,5651
sync-cycle,baseline,3acc11385,4,17,,,,8720,187,6131
sync-cycle,baseline,3acc11385,4,18,,,,12417,334,7867
sync-cycle,baseline,3acc11385,4,19,,,,8803,184,5716
sync-cycle,implementation,b80dd453f,4,0,,,,8549,226,5811
sync-cycle,implementation,b80dd453f,4,1,,,,10717,203,7135
sync-cycle,implementation,b80dd453f,4,2,,,,8640,195,5305
sync-cycle,implementation,b80dd453f,4,3,,,,7944,186,5773
sync-cycle,implementation,b80dd453f,4,4,,,,7469,175,5190
sync-cycle,implementation,b80dd453f,4,5,,,,8396,233,5892
sync-cycle,implementation,b80dd453f,4,6,,,,7480,185,5187
sync-cycle,implementation,b80dd453f,4,7,,,,8083,170,5368
sync-cycle,implementation,b80dd453f,4,8,,,,8698,205,6065
sync-cycle,implementation,b80dd453f,4,9,,,,7509,175,5190
sync-cycle,implementation,b80dd453f,4,10,,,,7848,198,5782
sync-cycle,implementation,b80dd453f,4,11,,,,8420,225,5613
sync-cycle,implementation,b80dd453f,4,12,,,,8318,207,5498
sync-cycle,implementation,b80dd453f,4,13,,,,7690,191,5368
sync-cycle,implementation,b80dd453f,4,14,,,,7908,175,5271
sync-cycle,implementation,b80dd453f,4,15,,,,7633,177,5448
sync-cycle,implementation,b80dd453f,4,16,,,,8493,232,5411
sync-cycle,implementation,b80dd453f,4,17,,,,8316,205,5280
sync-cycle,implementation,b80dd453f,4,18,,,,7589,181,5247
sync-cycle,implementation,b80dd453f,4,19,,,,8142,202,5212
sequential,implementation,b80dd453f,5,0,6643512,6424873,19735,,,
sequential,implementation,b80dd453f,5,1,6998592,6604979,18035,,,
sequential,implementation,b80dd453f,5,2,6596690,6081466,18141,,,
sequential,implementation,b80dd453f,5,3,6641646,6068789,18273,,,
sequential,implementation,b80dd453f,5,4,7270133,6966137,18978,,,
sequential,implementation,b80dd453f,5,5,6892067,7690311,19479,,,
sequential,implementation,b80dd453f,5,6,7099256,7590383,19304,,,
sequential,implementation,b80dd453f,5,7,6635530,6085112,19357,,,
sequential,implementation,b80dd453f,5,8,6542394,6089829,17698,,,
sequential,implementation,b80dd453f,5,9,6305164,6028512,16879,,,
sequential,implementation,b80dd453f,5,10,6302581,6010632,17180,,,
sequential,implementation,b80dd453f,5,11,6307741,6350675,17597,,,
sequential,implementation,b80dd453f,5,12,6453828,5996609,18093,,,
sequential,implementation,b80dd453f,5,13,6306909,5989569,16942,,,
sequential,implementation,b80dd453f,5,14,6459762,6095069,19214,,,
sequential,implementation,b80dd453f,5,15,6307531,6042443,18073,,,
sequential,implementation,b80dd453f,5,16,6478961,6048644,17995,,,
sequential,implementation,b80dd453f,5,17,6358927,6042284,18960,,,
sequential,implementation,b80dd453f,5,18,6392843,6778302,18235,,,
sequential,implementation,b80dd453f,5,19,6405559,6450333,17969,,,
sequential,baseline,3acc11385,5,0,6317782,6023033,17823,,,
sequential,baseline,3acc11385,5,1,6716590,6038335,18159,,,
sequential,baseline,3acc11385,5,2,6326831,6373530,18885,,,
sequential,baseline,3acc11385,5,3,6383895,6154024,18439,,,
sequential,baseline,3acc11385,5,4,6661593,6025314,17926,,,
sequential,baseline,3acc11385,5,5,6384195,7685667,18540,,,
sequential,baseline,3acc11385,5,6,6594071,7919815,19295,,,
sequential,baseline,3acc11385,5,7,6436009,7003291,18833,,,
sequential,baseline,3acc11385,5,8,6436549,7129716,20134,,,
sequential,baseline,3acc11385,5,9,7244130,7155910,18988,,,
sequential,baseline,3acc11385,5,10,6907688,8537011,20306,,,
sequential,baseline,3acc11385,5,11,7181770,8708303,20400,,,
sequential,baseline,3acc11385,5,12,7228767,7073207,18589,,,
sequential,baseline,3acc11385,5,13,6850718,7165942,18427,,,
sequential,baseline,3acc11385,5,14,6896563,7047436,18699,,,
sequential,baseline,3acc11385,5,15,6441373,7629470,35812,,,
sequential,baseline,3acc11385,5,16,6868047,6942642,18058,,,
sequential,baseline,3acc11385,5,17,6492411,6957698,18976,,,
sequential,baseline,3acc11385,5,18,6621765,7541199,18076,,,
sequential,baseline,3acc11385,5,19,6626448,7681002,19084,,,
sync-cycle,implementation,b80dd453f,5,0,,,,8116,168,5408
sync-cycle,implementation,b80dd453f,5,1,,,,7971,174,5318
sync-cycle,implementation,b80dd453f,5,2,,,,7651,181,5386
sync-cycle,implementation,b80dd453f,5,3,,,,7769,205,5299
sync-cycle,implementation,b80dd453f,5,4,,,,7723,173,5417
sync-cycle,implementation,b80dd453f,5,5,,,,7902,184,5240
sync-cycle,implementation,b80dd453f,5,6,,,,8032,205,5430
sync-cycle,implementation,b80dd453f,5,7,,,,7532,191,5217
sync-cycle,implementation,b80dd453f,5,8,,,,8189,187,5489
sync-cycle,implementation,b80dd453f,5,9,,,,7461,184,5099
sync-cycle,implementation,b80dd453f,5,10,,,,7495,188,5220
sync-cycle,implementation,b80dd453f,5,11,,,,7899,165,5609
sync-cycle,implementation,b80dd453f,5,12,,,,8430,203,5689
sync-cycle,implementation,b80dd453f,5,13,,,,7495,164,5104
sync-cycle,implementation,b80dd453f,5,14,,,,7922,151,5625
sync-cycle,implementation,b80dd453f,5,15,,,,8179,186,5649
sync-cycle,implementation,b80dd453f,5,16,,,,7700,175,5213
sync-cycle,implementation,b80dd453f,5,17,,,,8122,158,5609
sync-cycle,implementation,b80dd453f,5,18,,,,7490,168,5531
sync-cycle,implementation,b80dd453f,5,19,,,,8615,193,5741
sync-cycle,baseline,3acc11385,5,0,,,,12838,233,8433
sync-cycle,baseline,3acc11385,5,1,,,,12905,323,8485
sync-cycle,baseline,3acc11385,5,2,,,,15046,261,9959
sync-cycle,baseline,3acc11385,5,3,,,,12857,217,8381
sync-cycle,baseline,3acc11385,5,4,,,,14240,308,9679
sync-cycle,baseline,3acc11385,5,5,,,,10265,195,6773
sync-cycle,baseline,3acc11385,5,6,,,,10457,286,7375
sync-cycle,baseline,3acc11385,5,7,,,,13659,226,9051
sync-cycle,baseline,3acc11385,5,8,,,,12255,221,8242
sync-cycle,baseline,3acc11385,5,9,,,,12680,245,8831
sync-cycle,baseline,3acc11385,5,10,,,,12987,259,9104
sync-cycle,baseline,3acc11385,5,11,,,,12382,215,8433
sync-cycle,baseline,3acc11385,5,12,,,,14237,247,9864
sync-cycle,baseline,3acc11385,5,13,,,,10296,241,6848
sync-cycle,baseline,3acc11385,5,14,,,,9813,235,6054
sync-cycle,baseline,3acc11385,5,15,,,,9059,182,6435
sync-cycle,baseline,3acc11385,5,16,,,,8799,203,5939
sync-cycle,baseline,3acc11385,5,17,,,,10019,234,6428
sync-cycle,baseline,3acc11385,5,18,,,,9335,260,6390
sync-cycle,baseline,3acc11385,5,19,,,,9892,259,6372
sequential,baseline,3acc11385,6,0,6826065,7773009,19095,,,
sequential,baseline,3acc11385,6,1,6471426,7595248,20788,,,
sequential,baseline,3acc11385,6,2,7054256,6845804,18571,,,
sequential,baseline,3acc11385,6,3,6465614,6492309,18441,,,
sequential,baseline,3acc11385,6,4,6386521,8085420,20366,,,
sequential,baseline,3acc11385,6,5,6868547,8212174,19184,,,
sequential,baseline,3acc11385,6,6,6676609,6906400,18194,,,
sequential,baseline,3acc11385,6,7,7115291,6920561,37188,,,
sequential,baseline,3acc11385,6,8,6654962,7675265,18463,,,
sequential,baseline,3acc11385,6,9,6781715,7302111,20115,,,
sequential,baseline,3acc11385,6,10,7428766,7000485,19067,,,
sequential,baseline,3acc11385,6,11,6555462,8028244,19816,,,
sequential,baseline,3acc11385,6,12,6627375,8397796,23086,,,
sequential,baseline,3acc11385,6,13,7376148,7370242,19675,,,
sequential,baseline,3acc11385,6,14,6724965,9352105,19815,,,
sequential,baseline,3acc11385,6,15,7423815,9089246,28541,,,
sequential,baseline,3acc11385,6,16,6745464,6720258,17545,,,
sequential,baseline,3acc11385,6,17,6714408,6550231,17947,,,
sequential,baseline,3acc11385,6,18,7005270,8360061,19632,,,
sequential,baseline,3acc11385,6,19,6595492,6982637,18642,,,
sequential,implementation,b80dd453f,6,0,7877180,8004789,23759,,,
sequential,implementation,b80dd453f,6,1,7638815,7846666,25418,,,
sequential,implementation,b80dd453f,6,2,6625855,7214049,19247,,,
sequential,implementation,b80dd453f,6,3,6793518,7133223,18429,,,
sequential,implementation,b80dd453f,6,4,6400453,6856430,19308,,,
sequential,implementation,b80dd453f,6,5,6426567,7083876,19487,,,
sequential,implementation,b80dd453f,6,6,7062482,8623839,27509,,,
sequential,implementation,b80dd453f,6,7,7813939,8335288,23693,,,
sequential,implementation,b80dd453f,6,8,7580962,9374128,22285,,,
sequential,implementation,b80dd453f,6,9,7167169,9104661,21029,,,
sequential,implementation,b80dd453f,6,10,6881074,10823138,24556,,,
sequential,implementation,b80dd453f,6,11,7202004,8581554,19594,,,
sequential,implementation,b80dd453f,6,12,7012868,7873453,19431,,,
sequential,implementation,b80dd453f,6,13,6959300,7204801,40744,,,
sequential,implementation,b80dd453f,6,14,8139996,6755966,19608,,,
sequential,implementation,b80dd453f,6,15,6398288,6608881,21243,,,
sequential,implementation,b80dd453f,6,16,6808710,7434837,17994,,,
sequential,implementation,b80dd453f,6,17,6368547,6077192,18506,,,
sequential,implementation,b80dd453f,6,18,6703791,7244113,19141,,,
sequential,implementation,b80dd453f,6,19,6744156,7848333,19041,,,
sync-cycle,baseline,3acc11385,6,0,,,,7985,199,5412
sync-cycle,baseline,3acc11385,6,1,,,,7777,207,5270
sync-cycle,baseline,3acc11385,6,2,,,,7926,191,5572
sync-cycle,baseline,3acc11385,6,3,,,,7985,171,5160
sync-cycle,baseline,3acc11385,6,4,,,,8590,218,5470
sync-cycle,baseline,3acc11385,6,5,,,,8219,177,5205
sync-cycle,baseline,3acc11385,6,6,,,,7628,180,5233
sync-cycle,baseline,3acc11385,6,7,,,,7803,193,5263
sync-cycle,baseline,3acc11385,6,8,,,,7751,183,5355
sync-cycle,baseline,3acc11385,6,9,,,,7522,218,5415
sync-cycle,baseline,3acc11385,6,10,,,,7950,192,5107
sync-cycle,baseline,3acc11385,6,11,,,,11866,456,8895
sync-cycle,baseline,3acc11385,6,12,,,,8277,166,5479
sync-cycle,baseline,3acc11385,6,13,,,,28366,218,6035
sync-cycle,baseline,3acc11385,6,14,,,,7804,200,5523
sync-cycle,baseline,3acc11385,6,15,,,,7674,193,5378
sync-cycle,baseline,3acc11385,6,16,,,,7856,157,5112
sync-cycle,baseline,3acc11385,6,17,,,,7592,172,5608
sync-cycle,baseline,3acc11385,6,18,,,,8158,204,5472
sync-cycle,baseline,3acc11385,6,19,,,,9122,234,5713
sync-cycle,implementation,b80dd453f,6,0,,,,9113,199,6427
sync-cycle,implementation,b80dd453f,6,1,,,,8516,158,5702
sync-cycle,implementation,b80dd453f,6,2,,,,10492,223,5441
sync-cycle,implementation,b80dd453f,6,3,,,,8130,253,5336
sync-cycle,implementation,b80dd453f,6,4,,,,8875,222,5711
sync-cycle,implementation,b80dd453f,6,5,,,,7607,184,5291
sync-cycle,implementation,b80dd453f,6,6,,,,8480,238,5289
sync-cycle,implementation,b80dd453f,6,7,,,,7914,202,5001
sync-cycle,implementation,b80dd453f,6,8,,,,8382,217,5553
sync-cycle,implementation,b80dd453f,6,9,,,,8105,204,5145
sync-cycle,implementation,b80dd453f,6,10,,,,7695,174,5128
sync-cycle,implementation,b80dd453f,6,11,,,,8501,228,6172
sync-cycle,implementation,b80dd453f,6,12,,,,7480,196,5328
sync-cycle,implementation,b80dd453f,6,13,,,,9927,219,6324
sync-cycle,implementation,b80dd453f,6,14,,,,9315,204,6458
sync-cycle,implementation,b80dd453f,6,15,,,,8905,338,6266
sync-cycle,implementation,b80dd453f,6,16,,,,11888,243,7937
sync-cycle,implementation,b80dd453f,6,17,,,,8916,250,6489
sync-cycle,implementation,b80dd453f,6,18,,,,9414,224,6144
sync-cycle,implementation,b80dd453f,6,19,,,,8484,258,5880
sequential,implementation,b80dd453f,7,0,6305003,6158360,17693,,,
sequential,implementation,b80dd453f,7,1,6324943,6062455,18357,,,
sequential,implementation,b80dd453f,7,2,6365593,6042618,18720,,,
sequential,implementation,b80dd453f,7,3,6328990,6089458,26771,,,
sequential,implementation,b80dd453f,7,4,6774920,6778134,18764,,,
sequential,implementation,b80dd453f,7,5,6430939,7012271,34332,,,
sequential,implementation,b80dd453f,7,6,6575972,7853175,18716,,,
sequential,implementation,b80dd453f,7,7,6567944,6513633,19005,,,
sequential,implementation,b80dd453f,7,8,6810323,6695230,20670,,,
sequential,implementation,b80dd453f,7,9,6366870,7613246,18270,,,
sequential,implementation,b80dd453f,7,10,6657101,6401812,19032,,,
sequential,implementation,b80dd453f,7,11,6548134,6079272,19239,,,
sequential,implementation,b80dd453f,7,12,6597033,6066480,19097,,,
sequential,implementation,b80dd453f,7,13,6335147,6032291,18770,,,
sequential,implementation,b80dd453f,7,14,7312132,6610258,18713,,,
sequential,implementation,b80dd453f,7,15,6647145,6580423,19795,,,
sequential,implementation,b80dd453f,7,16,6813154,6542252,20485,,,
sequential,implementation,b80dd453f,7,17,6740458,6939502,19220,,,
sequential,implementation,b80dd453f,7,18,6337502,7652910,18360,,,
sequential,implementation,b80dd453f,7,19,7167005,6738449,17517,,,
sequential,baseline,3acc11385,7,0,6898622,6267674,18371,,,
sequential,baseline,3acc11385,7,1,6466819,6072040,19987,,,
sequential,baseline,3acc11385,7,2,6552664,6207498,18032,,,
sequential,baseline,3acc11385,7,3,6346300,6088353,18230,,,
sequential,baseline,3acc11385,7,4,6441997,6353911,18437,,,
sequential,baseline,3acc11385,7,5,6503541,6017049,17936,,,
sequential,baseline,3acc11385,7,6,6491904,6041678,17664,,,
sequential,baseline,3acc11385,7,7,6489283,6184396,18433,,,
sequential,baseline,3acc11385,7,8,6601194,8149253,20426,,,
sequential,baseline,3acc11385,7,9,6775705,6308546,16871,,,
sequential,baseline,3acc11385,7,10,6409473,6074510,17476,,,
sequential,baseline,3acc11385,7,11,6453446,6069705,17676,,,
sequential,baseline,3acc11385,7,12,6641889,6177235,17091,,,
sequential,baseline,3acc11385,7,13,6337538,6034049,18608,,,
sequential,baseline,3acc11385,7,14,6421599,6036696,16829,,,
sequential,baseline,3acc11385,7,15,6570851,6040110,20237,,,
sequential,baseline,3acc11385,7,16,6443910,6120668,17793,,,
sequential,baseline,3acc11385,7,17,6435501,6038372,18746,,,
sequential,baseline,3acc11385,7,18,6511181,6067295,20487,,,
sequential,baseline,3acc11385,7,19,6952335,6058929,18480,,,
sync-cycle,implementation,b80dd453f,7,0,,,,8152,200,5399
sync-cycle,implementation,b80dd453f,7,1,,,,8252,213,5250
sync-cycle,implementation,b80dd453f,7,2,,,,8225,227,5365
sync-cycle,implementation,b80dd453f,7,3,,,,8173,209,5485
sync-cycle,implementation,b80dd453f,7,4,,,,9623,257,6132
sync-cycle,implementation,b80dd453f,7,5,,,,9040,262,6060
sync-cycle,implementation,b80dd453f,7,6,,,,8662,250,24522
sync-cycle,implementation,b80dd453f,7,7,,,,10734,276,7110
sync-cycle,implementation,b80dd453f,7,8,,,,11713,395,8341
sync-cycle,implementation,b80dd453f,7,9,,,,7854,227,5412
sync-cycle,implementation,b80dd453f,7,10,,,,8290,209,5388
sync-cycle,implementation,b80dd453f,7,11,,,,8488,250,5608
sync-cycle,implementation,b80dd453f,7,12,,,,8268,224,5851
sync-cycle,implementation,b80dd453f,7,13,,,,7774,200,5422
sync-cycle,implementation,b80dd453f,7,14,,,,7542,201,5245
sync-cycle,implementation,b80dd453f,7,15,,,,8262,289,5910
sync-cycle,implementation,b80dd453f,7,16,,,,8360,255,5798
sync-cycle,implementation,b80dd453f,7,17,,,,7527,188,5669
sync-cycle,implementation,b80dd453f,7,18,,,,8412,255,6010
sync-cycle,implementation,b80dd453f,7,19,,,,8626,227,5338
sync-cycle,baseline,3acc11385,7,0,,,,7764,217,5435
sync-cycle,baseline,3acc11385,7,1,,,,8853,329,6127
sync-cycle,baseline,3acc11385,7,2,,,,10321,240,6401
sync-cycle,baseline,3acc11385,7,3,,,,8846,259,5680
sync-cycle,baseline,3acc11385,7,4,,,,7958,223,5368
sync-cycle,baseline,3acc11385,7,5,,,,8702,233,5640
sync-cycle,baseline,3acc11385,7,6,,,,9676,289,5632
sync-cycle,baseline,3acc11385,7,7,,,,9320,191,5831
sync-cycle,baseline,3acc11385,7,8,,,,10468,283,6192
sync-cycle,baseline,3acc11385,7,9,,,,9805,192,6163
sync-cycle,baseline,3acc11385,7,10,,,,8669,246,5595
sync-cycle,baseline,3acc11385,7,11,,,,8310,256,5808
sync-cycle,baseline,3acc11385,7,12,,,,9602,229,5999
sync-cycle,baseline,3acc11385,7,13,,,,8823,250,5960
sync-cycle,baseline,3acc11385,7,14,,,,8358,229,5524
sync-cycle,baseline,3acc11385,7,15,,,,7891,169,5259
sync-cycle,baseline,3acc11385,7,16,,,,8182,240,5457
sync-cycle,baseline,3acc11385,7,17,,,,7688,188,5525
sync-cycle,baseline,3acc11385,7,18,,,,8567,192,5675
sync-cycle,baseline,3acc11385,7,19,,,,8393,213,5644
sequential,baseline,3acc11385,8,0,7034669,7763917,18665,,,
sequential,baseline,3acc11385,8,1,8814335,8992609,19331,,,
sequential,baseline,3acc11385,8,2,6707224,6330760,17760,,,
sequential,baseline,3acc11385,8,3,6312989,7607799,25059,,,
sequential,baseline,3acc11385,8,4,6327535,6018014,17207,,,
sequential,baseline,3acc11385,8,5,6314067,6011287,18320,,,
sequential,baseline,3acc11385,8,6,6445208,6071401,18050,,,
sequential,baseline,3acc11385,8,7,6310984,6214488,18176,,,
sequential,baseline,3acc11385,8,8,6409362,6043214,18765,,,
sequential,baseline,3acc11385,8,9,6349547,6037155,18245,,,
sequential,baseline,3acc11385,8,10,6388508,6390373,17243,,,
sequential,baseline,3acc11385,8,11,6447512,6112643,18390,,,
sequential,baseline,3acc11385,8,12,6491660,6408053,16767,,,
sequential,baseline,3acc11385,8,13,6319851,6295632,17054,,,
sequential,baseline,3acc11385,8,14,6413575,6353949,17328,,,
sequential,baseline,3acc11385,8,15,6313656,6059024,17518,,,
sequential,baseline,3acc11385,8,16,6322876,6342833,18686,,,
sequential,baseline,3acc11385,8,17,6350395,6063894,18040,,,
sequential,baseline,3acc11385,8,18,6382751,6027171,18137,,,
sequential,baseline,3acc11385,8,19,6340342,6048303,18732,,,
sequential,implementation,b80dd453f,8,0,6233187,6337386,18164,,,
sequential,implementation,b80dd453f,8,1,6470542,6095924,17937,,,
sequential,implementation,b80dd453f,8,2,6304383,6130609,17803,,,
sequential,implementation,b80dd453f,8,3,6433117,6001525,17267,,,
sequential,implementation,b80dd453f,8,4,6984327,7878871,18101,,,
sequential,implementation,b80dd453f,8,5,7106614,7717917,20951,,,
sequential,implementation,b80dd453f,8,6,7178048,7073169,19264,,,
sequential,implementation,b80dd453f,8,7,6869138,6934080,20082,,,
sequential,implementation,b80dd453f,8,8,7459885,7777435,18031,,,
sequential,implementation,b80dd453f,8,9,6327983,6549694,18220,,,
sequential,implementation,b80dd453f,8,10,6440833,6025116,17945,,,
sequential,implementation,b80dd453f,8,11,6321685,6028009,16671,,,
sequential,implementation,b80dd453f,8,12,6320290,6033766,16825,,,
sequential,implementation,b80dd453f,8,13,6837332,6245541,18603,,,
sequential,implementation,b80dd453f,8,14,6497735,6817027,17872,,,
sequential,implementation,b80dd453f,8,15,6316820,6411876,18002,,,
sequential,implementation,b80dd453f,8,16,6314297,6646857,18065,,,
sequential,implementation,b80dd453f,8,17,6333840,6322619,17422,,,
sequential,implementation,b80dd453f,8,18,6321587,6378737,17662,,,
sequential,implementation,b80dd453f,8,19,6319202,6538779,17233,,,
sync-cycle,baseline,3acc11385,8,0,,,,7976,255,5333
sync-cycle,baseline,3acc11385,8,1,,,,8140,172,5530
sync-cycle,baseline,3acc11385,8,2,,,,7949,209,5610
sync-cycle,baseline,3acc11385,8,3,,,,7911,198,5688
sync-cycle,baseline,3acc11385,8,4,,,,7611,208,5215
sync-cycle,baseline,3acc11385,8,5,,,,7998,213,5359
sync-cycle,baseline,3acc11385,8,6,,,,8104,202,5366
sync-cycle,baseline,3acc11385,8,7,,,,34871,419,7290
sync-cycle,baseline,3acc11385,8,8,,,,7677,202,5391
sync-cycle,baseline,3acc11385,8,9,,,,8696,283,5689
sync-cycle,baseline,3acc11385,8,10,,,,7993,199,5084
sync-cycle,baseline,3acc11385,8,11,,,,8025,220,5288
sync-cycle,baseline,3acc11385,8,12,,,,8711,242,6168
sync-cycle,baseline,3acc11385,8,13,,,,7735,170,5257
sync-cycle,baseline,3acc11385,8,14,,,,7489,212,5478
sync-cycle,baseline,3acc11385,8,15,,,,7953,216,5587
sync-cycle,baseline,3acc11385,8,16,,,,7897,198,5487
sync-cycle,baseline,3acc11385,8,17,,,,9256,282,6329
sync-cycle,baseline,3acc11385,8,18,,,,10296,227,6535
sync-cycle,baseline,3acc11385,8,19,,,,8978,229,5555
sync-cycle,implementation,b80dd453f,8,0,,,,7390,198,5271
sync-cycle,implementation,b80dd453f,8,1,,,,7935,203,5647
sync-cycle,implementation,b80dd453f,8,2,,,,7913,242,5404
sync-cycle,implementation,b80dd453f,8,3,,,,8250,218,5470
sync-cycle,implementation,b80dd453f,8,4,,,,7856,197,5335
sync-cycle,implementation,b80dd453f,8,5,,,,7567,201,5386
sync-cycle,implementation,b80dd453f,8,6,,,,7440,200,5211
sync-cycle,implementation,b80dd453f,8,7,,,,8261,215,5254
sync-cycle,implementation,b80dd453f,8,8,,,,8384,242,5475
sync-cycle,implementation,b80dd453f,8,9,,,,7763,210,5210
sync-cycle,implementation,b80dd453f,8,10,,,,7792,176,5057
sync-cycle,implementation,b80dd453f,8,11,,,,7766,239,5209
sync-cycle,implementation,b80dd453f,8,12,,,,7486,209,5519
sync-cycle,implementation,b80dd453f,8,13,,,,7982,178,5180
sync-cycle,implementation,b80dd453f,8,14,,,,8048,193,5177
sync-cycle,implementation,b80dd453f,8,15,,,,8020,206,5497
sync-cycle,implementation,b80dd453f,8,16,,,,7879,200,5370
sync-cycle,implementation,b80dd453f,8,17,,,,7582,222,5625
sync-cycle,implementation,b80dd453f,8,18,,,,8215,196,5479
sync-cycle,implementation,b80dd453f,8,19,,,,7849,245,5435
sequential,implementation,b80dd453f,9,0,6303404,6030556,17839,,,
sequential,implementation,b80dd453f,9,1,6317400,6179741,18446,,,
sequential,implementation,b80dd453f,9,2,6305019,6044410,17845,,,
sequential,implementation,b80dd453f,9,3,6401965,6025010,19159,,,
sequential,implementation,b80dd453f,9,4,6295486,6388416,17740,,,
sequential,implementation,b80dd453f,9,5,6314362,6036781,18882,,,
sequential,implementation,b80dd453f,9,6,6301521,6010188,17333,,,
sequential,implementation,b80dd453f,9,7,6399361,6413735,17029,,,
sequential,implementation,b80dd453f,9,8,6635084,7044112,35323,,,
sequential,implementation,b80dd453f,9,9,7267198,6782331,18885,,,
sequential,implementation,b80dd453f,9,10,6847679,7767826,21739,,,
sequential,implementation,b80dd453f,9,11,6665121,6391505,17914,,,
sequential,implementation,b80dd453f,9,12,6538197,6138542,16996,,,
sequential,implementation,b80dd453f,9,13,6369365,6058773,16925,,,
sequential,implementation,b80dd453f,9,14,6440786,6041760,18078,,,
sequential,implementation,b80dd453f,9,15,6368257,6293612,17016,,,
sequential,implementation,b80dd453f,9,16,6529313,6002512,19073,,,
sequential,implementation,b80dd453f,9,17,6324635,6685309,18459,,,
sequential,implementation,b80dd453f,9,18,6358401,6102168,17945,,,
sequential,implementation,b80dd453f,9,19,6818172,6279334,18722,,,
sequential,baseline,3acc11385,9,0,6305869,6311029,18280,,,
sequential,baseline,3acc11385,9,1,6306176,6343103,15992,,,
sequential,baseline,3acc11385,9,2,6430422,6066856,17335,,,
sequential,baseline,3acc11385,9,3,6292174,6392447,17485,,,
sequential,baseline,3acc11385,9,4,6302573,6117022,17522,,,
sequential,baseline,3acc11385,9,5,6303293,6047415,16038,,,
sequential,baseline,3acc11385,9,6,6315198,6166274,17170,,,
sequential,baseline,3acc11385,9,7,6297349,6045075,16403,,,
sequential,baseline,3acc11385,9,8,6294495,6302547,17445,,,
sequential,baseline,3acc11385,9,9,6307694,6250793,17421,,,
sequential,baseline,3acc11385,9,10,6309894,6047126,17105,,,
sequential,baseline,3acc11385,9,11,6318572,6040546,18908,,,
sequential,baseline,3acc11385,9,12,6306325,6292609,19028,,,
sequential,baseline,3acc11385,9,13,6338487,7409593,18269,,,
sequential,baseline,3acc11385,9,14,7026401,7620924,18606,,,
sequential,baseline,3acc11385,9,15,7270734,7086323,21313,,,
sequential,baseline,3acc11385,9,16,6735753,7044755,37900,,,
sequential,baseline,3acc11385,9,17,6585010,6436892,17520,,,
sequential,baseline,3acc11385,9,18,6307515,6110212,53013,,,
sequential,baseline,3acc11385,9,19,6301557,6071285,17121,,,
sync-cycle,implementation,b80dd453f,9,0,,,,8214,211,5616
sync-cycle,implementation,b80dd453f,9,1,,,,8098,203,5692
sync-cycle,implementation,b80dd453f,9,2,,,,7452,190,5388
sync-cycle,implementation,b80dd453f,9,3,,,,8030,192,5631
sync-cycle,implementation,b80dd453f,9,4,,,,7841,211,5510
sync-cycle,implementation,b80dd453f,9,5,,,,7792,193,5049
sync-cycle,implementation,b80dd453f,9,6,,,,7964,195,5434
sync-cycle,implementation,b80dd453f,9,7,,,,7378,192,5287
sync-cycle,implementation,b80dd453f,9,8,,,,7509,198,5206
sync-cycle,implementation,b80dd453f,9,9,,,,7515,275,5422
sync-cycle,implementation,b80dd453f,9,10,,,,7543,197,4986
sync-cycle,implementation,b80dd453f,9,11,,,,7614,197,5259
sync-cycle,implementation,b80dd453f,9,12,,,,8650,220,6071
sync-cycle,implementation,b80dd453f,9,13,,,,7902,208,5224
sync-cycle,implementation,b80dd453f,9,14,,,,7782,200,5260
sync-cycle,implementation,b80dd453f,9,15,,,,7654,197,5660
sync-cycle,implementation,b80dd453f,9,16,,,,7395,180,5141
sync-cycle,implementation,b80dd453f,9,17,,,,8272,257,9375
sync-cycle,implementation,b80dd453f,9,18,,,,8542,209,5756
sync-cycle,implementation,b80dd453f,9,19,,,,7405,207,5178
sync-cycle,baseline,3acc11385,9,0,,,,7957,189,7802
sync-cycle,baseline,3acc11385,9,1,,,,8100,183,5140
sync-cycle,baseline,3acc11385,9,2,,,,7901,194,5463
sync-cycle,baseline,3acc11385,9,3,,,,8335,205,5934
sync-cycle,baseline,3acc11385,9,4,,,,8163,198,5470
sync-cycle,baseline,3acc11385,9,5,,,,8026,195,5628
sync-cycle,baseline,3acc11385,9,6,,,,7605,192,5385
sync-cycle,baseline,3acc11385,9,7,,,,9568,204,5969
sync-cycle,baseline,3acc11385,9,8,,,,9498,208,6850
sync-cycle,baseline,3acc11385,9,9,,,,8869,213,6077
sync-cycle,baseline,3acc11385,9,10,,,,10057,283,6153
sync-cycle,baseline,3acc11385,9,11,,,,9554,248,6591
sync-cycle,baseline,3acc11385,9,12,,,,33208,276,6989
sync-cycle,baseline,3acc11385,9,13,,,,8350,269,5702
sync-cycle,baseline,3acc11385,9,14,,,,8390,266,5630
sync-cycle,baseline,3acc11385,9,15,,,,8314,195,5572
sync-cycle,baseline,3acc11385,9,16,,,,8533,242,5970
sync-cycle,baseline,3acc11385,9,17,,,,8345,216,5381
sync-cycle,baseline,3acc11385,9,18,,,,8578,279,5831
sync-cycle,baseline,3acc11385,9,19,,,,8066,197,5385
