commit,batch,position,run,dirty_sync_ns,clean_sync_ns,unmount_ns
a91e89cd8,0,0,0,19029,445,13133
a91e89cd8,0,0,1,14847,349,10540
a91e89cd8,0,0,2,13393,284,8591
a91e89cd8,0,0,3,10051,235,6416
a91e89cd8,0,0,4,13036,344,6311
a91e89cd8,0,0,5,10001,231,6301
a91e89cd8,0,0,6,8780,181,6313
a91e89cd8,0,0,7,8292,200,5622
a91e89cd8,0,0,8,8561,260,5728
a91e89cd8,0,0,9,10375,211,6622
a91e89cd8,0,0,10,9773,213,6281
a91e89cd8,0,0,11,8852,238,5930
a91e89cd8,0,0,12,9880,216,6639
a91e89cd8,0,0,13,9715,217,6581
a91e89cd8,0,0,14,8427,519,5438
a91e89cd8,0,0,15,9375,186,6489
a91e89cd8,0,0,16,8679,210,6086
a91e89cd8,0,0,17,9513,234,6682
a91e89cd8,0,0,18,9238,227,6442
a91e89cd8,0,0,19,9069,217,5964
aaf882ecf,0,1,0,8401,200,6014
aaf882ecf,0,1,1,8970,213,5977
aaf882ecf,0,1,2,9649,203,7058
aaf882ecf,0,1,3,9643,187,6394
aaf882ecf,0,1,4,9911,249,6574
aaf882ecf,0,1,5,12222,263,8068
aaf882ecf,0,1,6,9206,202,6805
aaf882ecf,0,1,7,12395,228,8621
aaf882ecf,0,1,8,11195,216,7381
aaf882ecf,0,1,9,11461,277,7851
aaf882ecf,0,1,10,12143,247,7303
aaf882ecf,0,1,11,12173,231,8038
aaf882ecf,0,1,12,12049,209,7975
aaf882ecf,0,1,13,11222,233,8047
aaf882ecf,0,1,14,10856,260,6858
aaf882ecf,0,1,15,8768,286,6072
aaf882ecf,0,1,16,8290,200,5568
aaf882ecf,0,1,17,9135,247,6396
aaf882ecf,0,1,18,8762,253,6297
aaf882ecf,0,1,19,9465,226,5824
aaf882ecf,1,0,0,10745,216,7422
aaf882ecf,1,0,1,9843,199,6990
aaf882ecf,1,0,2,11225,185,7385
aaf882ecf,1,0,3,12800,209,8089
aaf882ecf,1,0,4,9743,187,6475
aaf882ecf,1,0,5,12578,224,7152
aaf882ecf,1,0,6,12889,223,8223
aaf882ecf,1,0,7,11642,230,7782
aaf882ecf,1,0,8,12272,187,8596
aaf882ecf,1,0,9,11943,185,7144
aaf882ecf,1,0,10,14359,219,8146
aaf882ecf,1,0,11,10131,219,6899
aaf882ecf,1,0,12,9400,173,6778
aaf882ecf,1,0,13,8483,183,6068
aaf882ecf,1,0,14,10404,223,6465
aaf882ecf,1,0,15,8926,223,6402
aaf882ecf,1,0,16,10929,263,7030
aaf882ecf,1,0,17,8478,184,5843
aaf882ecf,1,0,18,10438,229,7078
aaf882ecf,1,0,19,9522,219,6457
a91e89cd8,1,1,0,8746,249,6254
a91e89cd8,1,1,1,11405,205,7509
a91e89cd8,1,1,2,14632,223,9657
a91e89cd8,1,1,3,15581,276,10501
a91e89cd8,1,1,4,14144,218,10238
a91e89cd8,1,1,5,14736,312,9571
a91e89cd8,1,1,6,14815,254,9015
a91e89cd8,1,1,7,14515,254,9700
a91e89cd8,1,1,8,17965,296,10936
a91e89cd8,1,1,9,30780,316,8144
a91e89cd8,1,1,10,8341,221,5412
a91e89cd8,1,1,11,13709,229,9104
a91e89cd8,1,1,12,14388,230,9181
a91e89cd8,1,1,13,31048,242,9078
a91e89cd8,1,1,14,13425,205,8463
a91e89cd8,1,1,15,12550,180,8749
a91e89cd8,1,1,16,12697,242,8145
a91e89cd8,1,1,17,14416,205,8496
a91e89cd8,1,1,18,12520,204,8339
a91e89cd8,1,1,19,12780,183,8111
a91e89cd8,2,0,0,12772,225,9619
a91e89cd8,2,0,1,13216,218,8969
a91e89cd8,2,0,2,14714,517,13634
a91e89cd8,2,0,3,34573,19571,8472
a91e89cd8,2,0,4,11584,241,7863
a91e89cd8,2,0,5,11933,289,8084
a91e89cd8,2,0,6,13601,204,8597
a91e89cd8,2,0,7,17722,477,10360
a91e89cd8,2,0,8,11819,191,8028
a91e89cd8,2,0,9,12323,214,7617
a91e89cd8,2,0,10,11468,207,7828
a91e89cd8,2,0,11,11012,210,7445
a91e89cd8,2,0,12,13875,266,9427
a91e89cd8,2,0,13,13459,221,8649
a91e89cd8,2,0,14,10415,194,6753
a91e89cd8,2,0,15,14127,420,11762
a91e89cd8,2,0,16,17497,467,11822
a91e89cd8,2,0,17,13997,326,8609
a91e89cd8,2,0,18,10953,187,8191
a91e89cd8,2,0,19,13520,227,7760
aaf882ecf,2,1,0,14264,272,10589
aaf882ecf,2,1,1,18245,391,14083
aaf882ecf,2,1,2,12853,239,9934
aaf882ecf,2,1,3,13881,250,9273
aaf882ecf,2,1,4,13420,282,8290
aaf882ecf,2,1,5,12790,210,8366
aaf882ecf,2,1,6,10024,193,7270
aaf882ecf,2,1,7,13548,293,9416
aaf882ecf,2,1,8,13326,265,8746
aaf882ecf,2,1,9,11927,213,7998
aaf882ecf,2,1,10,12040,234,7712
aaf882ecf,2,1,11,11959,163,8122
aaf882ecf,2,1,12,11498,165,8334
aaf882ecf,2,1,13,11042,181,7722
aaf882ecf,2,1,14,10550,177,7351
aaf882ecf,2,1,15,13821,220,8367
aaf882ecf,2,1,16,11916,192,7994
aaf882ecf,2,1,17,13585,239,6920
aaf882ecf,2,1,18,15501,374,10846
aaf882ecf,2,1,19,9086,186,6087
aaf882ecf,3,0,0,8837,212,5710
aaf882ecf,3,0,1,11699,197,7706
aaf882ecf,3,0,2,13072,217,9517
aaf882ecf,3,0,3,12353,269,8956
aaf882ecf,3,0,4,14333,248,9509
aaf882ecf,3,0,5,12884,227,8120
aaf882ecf,3,0,6,14208,223,9934
aaf882ecf,3,0,7,13903,244,9054
aaf882ecf,3,0,8,12871,205,9148
aaf882ecf,3,0,9,18596,275,26605
aaf882ecf,3,0,10,15626,287,9719
aaf882ecf,3,0,11,13938,194,8752
aaf882ecf,3,0,12,14440,204,8927
aaf882ecf,3,0,13,13457,229,8358
aaf882ecf,3,0,14,12101,357,8067
aaf882ecf,3,0,15,12963,206,8715
aaf882ecf,3,0,16,13797,288,8304
aaf882ecf,3,0,17,14012,320,9300
aaf882ecf,3,0,18,13540,259,8295
aaf882ecf,3,0,19,13010,323,8039
a91e89cd8,3,1,0,13930,311,9547
a91e89cd8,3,1,1,14099,259,8565
a91e89cd8,3,1,2,14037,198,9003
a91e89cd8,3,1,3,13313,256,7999
a91e89cd8,3,1,4,12367,192,8677
a91e89cd8,3,1,5,13450,220,8551
a91e89cd8,3,1,6,27394,273,25361
a91e89cd8,3,1,7,14822,250,11217
a91e89cd8,3,1,8,11874,18327,8903
a91e89cd8,3,1,9,13480,283,8877
a91e89cd8,3,1,10,30261,260,8801
a91e89cd8,3,1,11,13342,277,9291
a91e89cd8,3,1,12,10995,213,8391
a91e89cd8,3,1,13,12284,200,7916
a91e89cd8,3,1,14,11079,201,7639
a91e89cd8,3,1,15,11803,235,7423
a91e89cd8,3,1,16,11144,219,6915
a91e89cd8,3,1,17,9753,192,7679
a91e89cd8,3,1,18,11898,229,8093
a91e89cd8,3,1,19,10728,201,7519
a91e89cd8,4,0,0,9795,232,6912
a91e89cd8,4,0,1,8519,179,5963
a91e89cd8,4,0,2,10955,188,7191
a91e89cd8,4,0,3,11004,238,7423
a91e89cd8,4,0,4,11921,204,7894
a91e89cd8,4,0,5,10165,167,7339
a91e89cd8,4,0,6,9672,209,7104
a91e89cd8,4,0,7,9640,221,6913
a91e89cd8,4,0,8,11293,196,7909
a91e89cd8,4,0,9,12152,222,8662
a91e89cd8,4,0,10,12239,266,8348
a91e89cd8,4,0,11,12279,284,8614
a91e89cd8,4,0,12,13043,296,8410
a91e89cd8,4,0,13,10340,213,7369
a91e89cd8,4,0,14,16529,279,27109
a91e89cd8,4,0,15,11121,225,7461
a91e89cd8,4,0,16,9788,169,6680
a91e89cd8,4,0,17,11168,235,7858
a91e89cd8,4,0,18,10672,222,7129
a91e89cd8,4,0,19,10091,244,6658
aaf882ecf,4,1,0,10163,214,7263
aaf882ecf,4,1,1,9373,201,6471
aaf882ecf,4,1,2,9854,212,6705
aaf882ecf,4,1,3,11803,210,7370
aaf882ecf,4,1,4,12967,278,7591
aaf882ecf,4,1,5,12787,226,7230
aaf882ecf,4,1,6,13460,208,29208
aaf882ecf,4,1,7,13597,226,8471
aaf882ecf,4,1,8,13358,282,8250
aaf882ecf,4,1,9,11346,195,8145
aaf882ecf,4,1,10,14256,218,9130
aaf882ecf,4,1,11,13688,223,8388
aaf882ecf,4,1,12,14080,192,9867
aaf882ecf,4,1,13,12767,245,8370
aaf882ecf,4,1,14,14837,280,8857
aaf882ecf,4,1,15,14101,276,9205
aaf882ecf,4,1,16,12613,205,7607
aaf882ecf,4,1,17,12828,203,8522
aaf882ecf,4,1,18,12407,190,8453
aaf882ecf,4,1,19,12384,209,8134
aaf882ecf,5,0,0,12145,208,8734
aaf882ecf,5,0,1,12556,180,8223
aaf882ecf,5,0,2,12768,152,7834
aaf882ecf,5,0,3,11534,222,8183
aaf882ecf,5,0,4,13610,221,9233
aaf882ecf,5,0,5,13213,230,8455
aaf882ecf,5,0,6,13191,228,9132
aaf882ecf,5,0,7,12356,181,8431
aaf882ecf,5,0,8,13964,324,9691
aaf882ecf,5,0,9,15016,257,8989
aaf882ecf,5,0,10,13722,240,8129
aaf882ecf,5,0,11,12542,215,8156
aaf882ecf,5,0,12,12195,451,8361
aaf882ecf,5,0,13,12946,234,8370
aaf882ecf,5,0,14,13350,695,9706
aaf882ecf,5,0,15,13679,205,8470
aaf882ecf,5,0,16,13624,265,24736
aaf882ecf,5,0,17,13626,308,8605
aaf882ecf,5,0,18,14600,236,9279
aaf882ecf,5,0,19,14239,223,8302
a91e89cd8,5,1,0,13426,210,9514
a91e89cd8,5,1,1,13240,263,7971
a91e89cd8,5,1,2,14479,213,8463
a91e89cd8,5,1,3,13265,228,8134
a91e89cd8,5,1,4,12144,235,8197
a91e89cd8,5,1,5,16407,498,10531
a91e89cd8,5,1,6,16291,500,10727
a91e89cd8,5,1,7,16632,506,11605
a91e89cd8,5,1,8,17384,448,11491
a91e89cd8,5,1,9,16790,448,11177
a91e89cd8,5,1,10,36836,573,12424
a91e89cd8,5,1,11,17186,512,12110
a91e89cd8,5,1,12,16763,455,11403
a91e89cd8,5,1,13,18735,474,12377
a91e89cd8,5,1,14,16674,434,11065
a91e89cd8,5,1,15,17779,532,12432
a91e89cd8,5,1,16,16969,463,12050
a91e89cd8,5,1,17,16952,516,12614
a91e89cd8,5,1,18,18258,513,12936
a91e89cd8,5,1,19,17723,482,12029
a91e89cd8,6,0,0,12232,307,8215
a91e89cd8,6,0,1,13815,313,9169
a91e89cd8,6,0,2,13962,290,9616
a91e89cd8,6,0,3,13608,264,8991
a91e89cd8,6,0,4,11724,232,7827
a91e89cd8,6,0,5,17845,357,12699
a91e89cd8,6,0,6,10732,197,7174
a91e89cd8,6,0,7,11136,241,8255
a91e89cd8,6,0,8,8435,200,6049
a91e89cd8,6,0,9,10998,183,6397
a91e89cd8,6,0,10,8575,177,6068
a91e89cd8,6,0,11,8218,196,5880
a91e89cd8,6,0,12,9831,193,6581
a91e89cd8,6,0,13,11584,187,7761
a91e89cd8,6,0,14,10035,218,6098
a91e89cd8,6,0,15,12017,182,9250
a91e89cd8,6,0,16,12256,196,7729
a91e89cd8,6,0,17,11609,230,7661
a91e89cd8,6,0,18,10858,153,6748
a91e89cd8,6,0,19,11671,262,7654
aaf882ecf,6,1,0,8233,129,5872
aaf882ecf,6,1,1,8013,232,5542
aaf882ecf,6,1,2,9639,187,6531
aaf882ecf,6,1,3,9029,215,5952
aaf882ecf,6,1,4,8159,241,5613
aaf882ecf,6,1,5,8603,203,5431
aaf882ecf,6,1,6,9280,147,6021
aaf882ecf,6,1,7,8785,205,6027
aaf882ecf,6,1,8,9110,235,6003
aaf882ecf,6,1,9,8121,166,5884
aaf882ecf,6,1,10,11236,308,8179
aaf882ecf,6,1,11,12364,250,8495
aaf882ecf,6,1,12,11628,260,9035
aaf882ecf,6,1,13,12609,251,8718
aaf882ecf,6,1,14,11764,210,8161
aaf882ecf,6,1,15,12112,219,8520
aaf882ecf,6,1,16,10700,205,7424
aaf882ecf,6,1,17,9983,164,7197
aaf882ecf,6,1,18,10768,161,7465
aaf882ecf,6,1,19,28769,195,7850
aaf882ecf,7,0,0,9486,182,5865
aaf882ecf,7,0,1,12993,346,8537
aaf882ecf,7,0,2,11769,326,8125
aaf882ecf,7,0,3,11473,233,7045
aaf882ecf,7,0,4,9009,203,6363
aaf882ecf,7,0,5,11247,199,7638
aaf882ecf,7,0,6,10967,216,7571
aaf882ecf,7,0,7,11584,198,8148
aaf882ecf,7,0,8,9539,211,6890
aaf882ecf,7,0,9,9818,160,6460
aaf882ecf,7,0,10,9028,184,6693
aaf882ecf,7,0,11,12041,209,7838
aaf882ecf,7,0,12,11587,452,7957
aaf882ecf,7,0,13,12407,243,7786
aaf882ecf,7,0,14,10174,225,6870
aaf882ecf,7,0,15,9798,197,6798
aaf882ecf,7,0,16,11934,230,7315
aaf882ecf,7,0,17,8818,168,6233
aaf882ecf,7,0,18,8615,209,5844
aaf882ecf,7,0,19,8868,199,5886
a91e89cd8,7,1,0,9469,194,6705
a91e89cd8,7,1,1,10209,201,7467
a91e89cd8,7,1,2,10058,205,6847
a91e89cd8,7,1,3,10189,214,7158
a91e89cd8,7,1,4,8925,224,6238
a91e89cd8,7,1,5,11360,262,6940
a91e89cd8,7,1,6,9043,189,6442
a91e89cd8,7,1,7,10844,202,7399
a91e89cd8,7,1,8,11686,280,8420
a91e89cd8,7,1,9,11590,212,7437
a91e89cd8,7,1,10,9752,195,6730
a91e89cd8,7,1,11,8988,213,6668
a91e89cd8,7,1,12,9856,215,6977
a91e89cd8,7,1,13,9528,221,6314
a91e89cd8,7,1,14,9020,191,6516
a91e89cd8,7,1,15,8070,203,6057
a91e89cd8,7,1,16,9167,197,6284
a91e89cd8,7,1,17,9920,204,6675
a91e89cd8,7,1,18,9240,211,6882
a91e89cd8,7,1,19,10046,235,7246
a91e89cd8,8,0,0,8863,191,6134
a91e89cd8,8,0,1,8272,198,5800
a91e89cd8,8,0,2,10171,231,6582
a91e89cd8,8,0,3,9691,209,6394
a91e89cd8,8,0,4,7829,190,5626
a91e89cd8,8,0,5,9061,193,5811
a91e89cd8,8,0,6,11678,337,7187
a91e89cd8,8,0,7,8183,200,5507
a91e89cd8,8,0,8,11899,190,8231
a91e89cd8,8,0,9,8259,186,5820
a91e89cd8,8,0,10,10194,190,6373
a91e89cd8,8,0,11,12331,265,7917
a91e89cd8,8,0,12,9562,179,6828
a91e89cd8,8,0,13,11554,188,6812
a91e89cd8,8,0,14,9638,227,6336
a91e89cd8,8,0,15,9597,182,6781
a91e89cd8,8,0,16,9354,238,5812
a91e89cd8,8,0,17,9461,201,6718
a91e89cd8,8,0,18,8649,216,6404
a91e89cd8,8,0,19,8923,225,6432
aaf882ecf,8,1,0,11356,399,7863
aaf882ecf,8,1,1,11393,264,7419
aaf882ecf,8,1,2,14243,271,8711
aaf882ecf,8,1,3,12277,260,8009
aaf882ecf,8,1,4,29076,348,8248
aaf882ecf,8,1,5,13387,264,26007
aaf882ecf,8,1,6,13778,212,8691
aaf882ecf,8,1,7,14204,237,8583
aaf882ecf,8,1,8,13383,301,9242
aaf882ecf,8,1,9,35744,254,8627
aaf882ecf,8,1,10,14095,251,8428
aaf882ecf,8,1,11,12522,206,8410
aaf882ecf,8,1,12,12315,248,8502
aaf882ecf,8,1,13,12764,194,8009
aaf882ecf,8,1,14,16905,455,12020
aaf882ecf,8,1,15,13297,290,9534
aaf882ecf,8,1,16,13508,256,9324
aaf882ecf,8,1,17,13410,268,8874
aaf882ecf,8,1,18,13054,235,8810
aaf882ecf,8,1,19,13899,206,8369
aaf882ecf,9,0,0,16834,480,12635
aaf882ecf,9,0,1,12525,305,7966
aaf882ecf,9,0,2,13848,171,7875
aaf882ecf,9,0,3,13341,224,9405
aaf882ecf,9,0,4,13282,202,9735
aaf882ecf,9,0,5,14172,216,8073
aaf882ecf,9,0,6,13787,209,9294
aaf882ecf,9,0,7,19778,634,13273
aaf882ecf,9,0,8,16979,465,12254
aaf882ecf,9,0,9,14555,251,8884
aaf882ecf,9,0,10,32694,325,9476
aaf882ecf,9,0,11,12042,209,7993
aaf882ecf,9,0,12,12185,210,8604
aaf882ecf,9,0,13,11174,243,7173
aaf882ecf,9,0,14,13611,265,8317
aaf882ecf,9,0,15,15535,443,11386
aaf882ecf,9,0,16,13905,315,9783
aaf882ecf,9,0,17,13749,230,9177
aaf882ecf,9,0,18,13442,235,9181
aaf882ecf,9,0,19,13303,407,8248
a91e89cd8,9,1,0,12313,192,8406
a91e89cd8,9,1,1,13866,211,8934
a91e89cd8,9,1,2,27712,181,8114
a91e89cd8,9,1,3,12808,267,8701
a91e89cd8,9,1,4,12298,211,8504
a91e89cd8,9,1,5,13502,248,8617
a91e89cd8,9,1,6,14202,219,10126
a91e89cd8,9,1,7,12824,197,8406
a91e89cd8,9,1,8,13039,227,8230
a91e89cd8,9,1,9,13889,224,8422
a91e89cd8,9,1,10,12056,195,7568
a91e89cd8,9,1,11,11686,220,8348
a91e89cd8,9,1,12,10205,171,7094
a91e89cd8,9,1,13,10695,178,6837
a91e89cd8,9,1,14,11692,211,7970
a91e89cd8,9,1,15,8826,201,5866
a91e89cd8,9,1,16,9743,232,6200
a91e89cd8,9,1,17,9129,208,6760
a91e89cd8,9,1,18,9341,205,6094
a91e89cd8,9,1,19,9235,207,6501
a91e89cd8,10,0,0,10742,242,6862
a91e89cd8,10,0,1,12183,194,7811
a91e89cd8,10,0,2,13245,188,8192
a91e89cd8,10,0,3,12031,182,7493
a91e89cd8,10,0,4,12866,202,8634
a91e89cd8,10,0,5,12680,227,8138
a91e89cd8,10,0,6,13106,210,7862
a91e89cd8,10,0,7,12959,178,7836
a91e89cd8,10,0,8,13419,200,8575
a91e89cd8,10,0,9,11734,194,8138
a91e89cd8,10,0,10,12295,224,8788
a91e89cd8,10,0,11,13082,273,8701
a91e89cd8,10,0,12,12149,299,8440
a91e89cd8,10,0,13,13954,307,8467
a91e89cd8,10,0,14,12616,218,7929
a91e89cd8,10,0,15,10092,217,7273
a91e89cd8,10,0,16,10817,212,6352
a91e89cd8,10,0,17,8719,214,5975
a91e89cd8,10,0,18,10536,211,6689
a91e89cd8,10,0,19,12309,412,8540
aaf882ecf,10,1,0,8911,183,5873
aaf882ecf,10,1,1,9821,195,6897
aaf882ecf,10,1,2,13259,177,8361
aaf882ecf,10,1,3,15084,219,8431
aaf882ecf,10,1,4,13415,273,8433
aaf882ecf,10,1,5,10947,233,6864
aaf882ecf,10,1,6,10052,166,6412
aaf882ecf,10,1,7,8246,185,6299
aaf882ecf,10,1,8,9655,186,6797
aaf882ecf,10,1,9,8872,174,6233
aaf882ecf,10,1,10,9972,191,6572
aaf882ecf,10,1,11,8213,218,5920
aaf882ecf,10,1,12,9149,222,6150
aaf882ecf,10,1,13,9328,236,6231
aaf882ecf,10,1,14,8547,213,6021
aaf882ecf,10,1,15,10077,267,6616
aaf882ecf,10,1,16,9593,221,5898
aaf882ecf,10,1,17,9623,253,6298
aaf882ecf,10,1,18,9601,175,6862
aaf882ecf,10,1,19,9056,269,6010
aaf882ecf,11,0,0,9058,219,6585
aaf882ecf,11,0,1,10586,205,6784
aaf882ecf,11,0,2,8526,222,6070
aaf882ecf,11,0,3,9858,191,6864
aaf882ecf,11,0,4,8960,190,6067
aaf882ecf,11,0,5,9519,172,6320
aaf882ecf,11,0,6,11661,252,7759
aaf882ecf,11,0,7,11708,218,7967
aaf882ecf,11,0,8,12429,309,8362
aaf882ecf,11,0,9,13317,258,9012
aaf882ecf,11,0,10,13820,237,10671
aaf882ecf,11,0,11,13735,225,9072
aaf882ecf,11,0,12,12174,205,8248
aaf882ecf,11,0,13,13637,228,9815
aaf882ecf,11,0,14,13273,194,8956
aaf882ecf,11,0,15,15169,420,10048
aaf882ecf,11,0,16,15267,230,10185
aaf882ecf,11,0,17,14487,249,9413
aaf882ecf,11,0,18,13754,246,7961
aaf882ecf,11,0,19,13043,281,8484
a91e89cd8,11,1,0,10803,213,7652
a91e89cd8,11,1,1,13044,261,9536
a91e89cd8,11,1,2,14059,268,9455
a91e89cd8,11,1,3,13813,242,9004
a91e89cd8,11,1,4,12896,272,9128
a91e89cd8,11,1,5,12599,194,8086
a91e89cd8,11,1,6,9305,207,6206
a91e89cd8,11,1,7,12105,240,8795
a91e89cd8,11,1,8,11122,245,8305
a91e89cd8,11,1,9,11012,196,6804
a91e89cd8,11,1,10,12502,282,8509
a91e89cd8,11,1,11,12797,259,9196
a91e89cd8,11,1,12,11419,206,8733
a91e89cd8,11,1,13,18962,413,28218
a91e89cd8,11,1,14,11332,259,8329
a91e89cd8,11,1,15,12354,196,8977
a91e89cd8,11,1,16,12428,268,9228
a91e89cd8,11,1,17,15540,323,10949
a91e89cd8,11,1,18,9075,262,6684
a91e89cd8,11,1,19,8892,202,6390
a91e89cd8,12,0,0,13950,346,9283
a91e89cd8,12,0,1,13085,293,8188
a91e89cd8,12,0,2,13687,230,9042
a91e89cd8,12,0,3,12263,286,7451
a91e89cd8,12,0,4,9803,245,6981
a91e89cd8,12,0,5,8819,219,6025
a91e89cd8,12,0,6,9015,231,5862
a91e89cd8,12,0,7,9174,212,6259
a91e89cd8,12,0,8,10839,293,24913
a91e89cd8,12,0,9,10224,222,7492
a91e89cd8,12,0,10,11216,185,7831
a91e89cd8,12,0,11,10592,183,7353
a91e89cd8,12,0,12,10672,173,7214
a91e89cd8,12,0,13,10870,200,7581
a91e89cd8,12,0,14,9427,235,6563
a91e89cd8,12,0,15,10009,233,7072
a91e89cd8,12,0,16,8703,203,6172
a91e89cd8,12,0,17,11768,244,7175
a91e89cd8,12,0,18,9561,211,6420
a91e89cd8,12,0,19,9000,207,5691
aaf882ecf,12,1,0,15680,347,10711
aaf882ecf,12,1,1,9465,162,5956
aaf882ecf,12,1,2,9900,185,6749
aaf882ecf,12,1,3,9848,230,7080
aaf882ecf,12,1,4,8954,214,6246
aaf882ecf,12,1,5,10793,198,6846
aaf882ecf,12,1,6,9188,166,6023
aaf882ecf,12,1,7,8935,159,5960
aaf882ecf,12,1,8,8843,186,6431
aaf882ecf,12,1,9,9131,177,5995
aaf882ecf,12,1,10,9915,150,6415
aaf882ecf,12,1,11,8600,147,5844
aaf882ecf,12,1,12,9751,174,6828
aaf882ecf,12,1,13,9867,175,6560
aaf882ecf,12,1,14,8673,224,6170
aaf882ecf,12,1,15,9238,210,6916
aaf882ecf,12,1,16,13737,269,9199
aaf882ecf,12,1,17,14052,286,9006
aaf882ecf,12,1,18,10610,228,7548
aaf882ecf,12,1,19,9590,187,7260
aaf882ecf,13,0,0,9975,196,7024
aaf882ecf,13,0,1,8747,190,6158
aaf882ecf,13,0,2,10347,219,6703
aaf882ecf,13,0,3,9699,192,6390
aaf882ecf,13,0,4,9205,215,6455
aaf882ecf,13,0,5,8410,215,6054
aaf882ecf,13,0,6,9081,195,6316
aaf882ecf,13,0,7,9513,200,6602
aaf882ecf,13,0,8,10156,291,7356
aaf882ecf,13,0,9,11441,257,7685
aaf882ecf,13,0,10,11696,199,7515
aaf882ecf,13,0,11,9045,247,5894
aaf882ecf,13,0,12,9184,188,6470
aaf882ecf,13,0,13,11584,269,7422
aaf882ecf,13,0,14,12683,295,8213
aaf882ecf,13,0,15,11738,199,8102
aaf882ecf,13,0,16,9846,184,7003
aaf882ecf,13,0,17,28727,251,7712
aaf882ecf,13,0,18,31443,256,25493
aaf882ecf,13,0,19,11229,215,7720
a91e89cd8,13,1,0,12078,196,8938
a91e89cd8,13,1,1,11222,194,7937
a91e89cd8,13,1,2,10105,278,7649
a91e89cd8,13,1,3,8722,186,5830
a91e89cd8,13,1,4,8434,196,5792
a91e89cd8,13,1,5,9687,209,6609
a91e89cd8,13,1,6,8335,212,5863
a91e89cd8,13,1,7,10926,239,7582
a91e89cd8,13,1,8,9148,236,6843
a91e89cd8,13,1,9,9383,209,6456
a91e89cd8,13,1,10,12547,5934,9410
a91e89cd8,13,1,11,12960,280,9109
a91e89cd8,13,1,12,12978,317,9331
a91e89cd8,13,1,13,12201,228,8469
a91e89cd8,13,1,14,9427,229,6312
a91e89cd8,13,1,15,8440,196,5979
a91e89cd8,13,1,16,8809,252,5584
a91e89cd8,13,1,17,7511,186,5276
a91e89cd8,13,1,18,8267,223,5999
a91e89cd8,13,1,19,8438,190,5426
a91e89cd8,14,0,0,8064,190,5713
a91e89cd8,14,0,1,8311,211,5492
a91e89cd8,14,0,2,8308,200,5211
a91e89cd8,14,0,3,7859,212,5427
a91e89cd8,14,0,4,7811,196,5243
a91e89cd8,14,0,5,8234,220,5167
a91e89cd8,14,0,6,7583,197,5183
a91e89cd8,14,0,7,7932,197,5320
a91e89cd8,14,0,8,7965,189,5954
a91e89cd8,14,0,9,8178,182,5261
a91e89cd8,14,0,10,7640,181,5202
a91e89cd8,14,0,11,8600,219,5702
a91e89cd8,14,0,12,8723,230,5533
a91e89cd8,14,0,13,7540,183,4897
a91e89cd8,14,0,14,8440,183,5861
a91e89cd8,14,0,15,8309,197,5831
a91e89cd8,14,0,16,7480,200,5358
a91e89cd8,14,0,17,8378,220,5559
a91e89cd8,14,0,18,8088,203,5498
a91e89cd8,14,0,19,8109,186,5342
aaf882ecf,14,1,0,8224,183,5504
aaf882ecf,14,1,1,8442,187,5504
aaf882ecf,14,1,2,8634,229,5869
aaf882ecf,14,1,3,8274,204,5332
aaf882ecf,14,1,4,7862,188,5168
aaf882ecf,14,1,5,8525,185,6103
aaf882ecf,14,1,6,7681,198,5228
aaf882ecf,14,1,7,9309,175,6577
aaf882ecf,14,1,8,9735,188,6033
aaf882ecf,14,1,9,9782,250,6397
aaf882ecf,14,1,10,9678,217,7292
aaf882ecf,14,1,11,9422,216,6415
aaf882ecf,14,1,12,9253,209,6174
aaf882ecf,14,1,13,8736,220,5694
aaf882ecf,14,1,14,7999,218,5532
aaf882ecf,14,1,15,8046,204,5432
aaf882ecf,14,1,16,8106,214,5415
aaf882ecf,14,1,17,9150,227,5631
aaf882ecf,14,1,18,8780,221,5801
aaf882ecf,14,1,19,8880,220,5380
aaf882ecf,15,0,0,8065,213,5565
aaf882ecf,15,0,1,8572,186,5463
aaf882ecf,15,0,2,8245,180,5793
aaf882ecf,15,0,3,8972,237,6094
aaf882ecf,15,0,4,8827,220,5904
aaf882ecf,15,0,5,8571,217,5814
aaf882ecf,15,0,6,8431,216,5621
aaf882ecf,15,0,7,8013,195,5204
aaf882ecf,15,0,8,7768,164,5442
aaf882ecf,15,0,9,8329,180,5701
aaf882ecf,15,0,10,8090,188,5502
aaf882ecf,15,0,11,8047,155,5998
aaf882ecf,15,0,12,7797,179,5552
aaf882ecf,15,0,13,7788,149,5082
aaf882ecf,15,0,14,8387,186,6055
aaf882ecf,15,0,15,7909,183,5436
aaf882ecf,15,0,16,8085,216,5466
aaf882ecf,15,0,17,7810,169,5158
aaf882ecf,15,0,18,8113,172,5478
aaf882ecf,15,0,19,8033,171,5338
a91e89cd8,15,1,0,8307,202,5646
a91e89cd8,15,1,1,8689,238,5751
a91e89cd8,15,1,2,7782,232,5284
a91e89cd8,15,1,3,8840,230,5610
a91e89cd8,15,1,4,9412,264,6309
a91e89cd8,15,1,5,10536,390,6479
a91e89cd8,15,1,6,10396,247,6820
a91e89cd8,15,1,7,10077,222,6371
a91e89cd8,15,1,8,8795,250,5930
a91e89cd8,15,1,9,9059,256,6127
a91e89cd8,15,1,10,8215,228,5596
a91e89cd8,15,1,11,8425,230,5810
a91e89cd8,15,1,12,8307,216,5637
a91e89cd8,15,1,13,7956,201,5302
a91e89cd8,15,1,14,24445,232,5792
a91e89cd8,15,1,15,8365,236,5921
a91e89cd8,15,1,16,7925,255,5135
a91e89cd8,15,1,17,8445,259,5722
a91e89cd8,15,1,18,8188,198,5659
a91e89cd8,15,1,19,8345,208,5651
a91e89cd8,16,0,0,8298,186,5601
a91e89cd8,16,0,1,8422,211,5959
a91e89cd8,16,0,2,8273,232,6019
a91e89cd8,16,0,3,8210,210,5939
a91e89cd8,16,0,4,8863,208,5798
a91e89cd8,16,0,5,8382,253,7959
a91e89cd8,16,0,6,8386,231,5509
a91e89cd8,16,0,7,8603,253,5698
a91e89cd8,16,0,8,7890,199,5523
a91e89cd8,16,0,9,8587,243,5862
a91e89cd8,16,0,10,8151,248,5405
a91e89cd8,16,0,11,8050,224,5581
a91e89cd8,16,0,12,8211,255,5751
a91e89cd8,16,0,13,8092,202,5525
a91e89cd8,16,0,14,8127,223,5490
a91e89cd8,16,0,15,8530,233,6179
a91e89cd8,16,0,16,10512,348,6784
a91e89cd8,16,0,17,7935,193,5531
a91e89cd8,16,0,18,8336,199,5684
a91e89cd8,16,0,19,8207,193,5230
aaf882ecf,16,1,0,10437,241,6706
aaf882ecf,16,1,1,12308,280,8436
aaf882ecf,16,1,2,18167,500,12511
aaf882ecf,16,1,3,14058,320,9380
aaf882ecf,16,1,4,12918,316,8479
aaf882ecf,16,1,5,11599,249,8347
aaf882ecf,16,1,6,9972,296,6307
aaf882ecf,16,1,7,8561,241,5619
aaf882ecf,16,1,8,9976,182,6759
aaf882ecf,16,1,9,8917,193,5609
aaf882ecf,16,1,10,8537,188,5604
aaf882ecf,16,1,11,8683,251,5457
aaf882ecf,16,1,12,8716,285,6266
aaf882ecf,16,1,13,8678,184,5453
aaf882ecf,16,1,14,8526,236,5656
aaf882ecf,16,1,15,9518,250,6251
aaf882ecf,16,1,16,8881,187,5737
aaf882ecf,16,1,17,9464,253,6421
aaf882ecf,16,1,18,8642,249,5823
aaf882ecf,16,1,19,9112,186,5552
aaf882ecf,17,0,0,7747,176,5274
aaf882ecf,17,0,1,8410,217,5629
aaf882ecf,17,0,2,8734,197,7023
aaf882ecf,17,0,3,8612,198,7341
aaf882ecf,17,0,4,8372,209,6084
aaf882ecf,17,0,5,8317,219,5451
aaf882ecf,17,0,6,7996,211,5523
aaf882ecf,17,0,7,8681,171,5525
aaf882ecf,17,0,8,8065,175,5772
aaf882ecf,17,0,9,8635,235,6104
aaf882ecf,17,0,10,9098,299,6413
aaf882ecf,17,0,11,10113,267,6890
aaf882ecf,17,0,12,9113,248,23488
aaf882ecf,17,0,13,9536,198,6371
aaf882ecf,17,0,14,11245,330,7589
aaf882ecf,17,0,15,13003,277,8680
aaf882ecf,17,0,16,10155,285,6993
aaf882ecf,17,0,17,10828,263,7132
aaf882ecf,17,0,18,12442,290,8582
aaf882ecf,17,0,19,13830,310,8829
a91e89cd8,17,1,0,9245,172,6616
a91e89cd8,17,1,1,11884,242,8596
a91e89cd8,17,1,2,9515,232,6740
a91e89cd8,17,1,3,10786,260,7093
a91e89cd8,17,1,4,14807,249,10183
a91e89cd8,17,1,5,13332,234,9143
a91e89cd8,17,1,6,13997,281,9417
a91e89cd8,17,1,7,28278,560,15342
a91e89cd8,17,1,8,15453,206,11243
a91e89cd8,17,1,9,13927,302,8925
a91e89cd8,17,1,10,14318,310,9173
a91e89cd8,17,1,11,18033,392,13413
a91e89cd8,17,1,12,12393,198,8171
a91e89cd8,17,1,13,17817,459,12716
a91e89cd8,17,1,14,17530,358,12456
a91e89cd8,17,1,15,17111,275,11662
a91e89cd8,17,1,16,19864,397,13683
a91e89cd8,17,1,17,17429,418,11942
a91e89cd8,17,1,18,9263,232,6183
a91e89cd8,17,1,19,17704,463,13364
a91e89cd8,18,0,0,15772,396,11548
a91e89cd8,18,0,1,9072,204,5898
a91e89cd8,18,0,2,14863,248,9184
a91e89cd8,18,0,3,16521,216,12042
a91e89cd8,18,0,4,19422,367,13176
a91e89cd8,18,0,5,14521,231,8698
a91e89cd8,18,0,6,13641,234,10331
a91e89cd8,18,0,7,12674,263,8139
a91e89cd8,18,0,8,11842,484,7167
a91e89cd8,18,0,9,13504,295,9331
a91e89cd8,18,0,10,14363,232,8782
a91e89cd8,18,0,11,13401,261,9284
a91e89cd8,18,0,12,13049,263,10769
a91e89cd8,18,0,13,13549,308,9311
a91e89cd8,18,0,14,11378,201,7647
a91e89cd8,18,0,15,15812,274,10734
a91e89cd8,18,0,16,16884,248,11037
a91e89cd8,18,0,17,15830,234,10346
a91e89cd8,18,0,18,15470,264,10933
a91e89cd8,18,0,19,13872,220,9499
aaf882ecf,18,1,0,18356,385,13511
aaf882ecf,18,1,1,15171,220,10140
aaf882ecf,18,1,2,15614,260,10201
aaf882ecf,18,1,3,9005,189,6371
aaf882ecf,18,1,4,9117,215,5851
aaf882ecf,18,1,5,15007,253,9510
aaf882ecf,18,1,6,17685,324,10949
aaf882ecf,18,1,7,14539,314,9081
aaf882ecf,18,1,8,14808,245,10212
aaf882ecf,18,1,9,12605,302,9940
aaf882ecf,18,1,10,13693,489,9638
aaf882ecf,18,1,11,14724,211,9668
aaf882ecf,18,1,12,14949,301,9008
aaf882ecf,18,1,13,16417,207,10236
aaf882ecf,18,1,14,13541,176,8703
aaf882ecf,18,1,15,14578,230,11118
aaf882ecf,18,1,16,14354,235,9274
aaf882ecf,18,1,17,14826,258,9749
aaf882ecf,18,1,18,14141,284,9515
aaf882ecf,18,1,19,14336,267,10253
aaf882ecf,19,0,0,14075,311,9218
aaf882ecf,19,0,1,14326,283,9992
aaf882ecf,19,0,2,15881,315,10127
aaf882ecf,19,0,3,15007,316,9946
aaf882ecf,19,0,4,14387,271,9711
aaf882ecf,19,0,5,13477,251,8170
aaf882ecf,19,0,6,11270,218,7087
aaf882ecf,19,0,7,14948,205,9478
aaf882ecf,19,0,8,14363,230,9182
aaf882ecf,19,0,9,15472,282,10568
aaf882ecf,19,0,10,13209,241,9385
aaf882ecf,19,0,11,14356,247,9186
aaf882ecf,19,0,12,8655,229,6196
aaf882ecf,19,0,13,18352,430,12614
aaf882ecf,19,0,14,13498,240,9104
aaf882ecf,19,0,15,13736,258,8562
aaf882ecf,19,0,16,13367,225,9864
aaf882ecf,19,0,17,12865,246,10066
aaf882ecf,19,0,18,12458,239,8455
aaf882ecf,19,0,19,8846,231,6016
a91e89cd8,19,1,0,12533,229,8744
a91e89cd8,19,1,1,9185,214,6990
a91e89cd8,19,1,2,11879,213,8218
a91e89cd8,19,1,3,12623,193,8247
a91e89cd8,19,1,4,12093,234,8542
a91e89cd8,19,1,5,11921,226,7440
a91e89cd8,19,1,6,10338,210,7249
a91e89cd8,19,1,7,12011,231,8523
a91e89cd8,19,1,8,12337,309,9524
a91e89cd8,19,1,9,13538,328,9396
a91e89cd8,19,1,10,11515,205,8983
a91e89cd8,19,1,11,12726,265,9529
a91e89cd8,19,1,12,14685,212,9379
a91e89cd8,19,1,13,13135,231,8545
a91e89cd8,19,1,14,13773,286,9891
a91e89cd8,19,1,15,13747,308,9573
a91e89cd8,19,1,16,13945,315,9240
a91e89cd8,19,1,17,13375,280,9025
a91e89cd8,19,1,18,12648,238,9966
a91e89cd8,19,1,19,13507,197,8806
