phase,commit,arch,backend,feature,workload,value_bytes,warmups,runs,run,set_sync_ns,get_ns,remove_sync_ns
pre-transaction,783661ce7-pretxn,x86_64,memory,metadata_csum+64bit+journal,xattr-external,512,3,20,0,35692,2996,24205
pre-transaction,783661ce7-pretxn,x86_64,memory,metadata_csum+64bit+journal,xattr-external,512,3,20,1,35673,3308,24065
pre-transaction,783661ce7-pretxn,x86_64,memory,metadata_csum+64bit+journal,xattr-external,512,3,20,2,35463,3108,24123
pre-transaction,783661ce7-pretxn,x86_64,memory,metadata_csum+64bit+journal,xattr-external,512,3,20,3,35619,3032,24186
pre-transaction,783661ce7-pretxn,x86_64,memory,metadata_csum+64bit+journal,xattr-external,512,3,20,4,36230,3020,24549
pre-transaction,783661ce7-pretxn,x86_64,memory,metadata_csum+64bit+journal,xattr-external,512,3,20,5,35970,3127,24240
pre-transaction,783661ce7-pretxn,x86_64,memory,metadata_csum+64bit+journal,xattr-external,512,3,20,6,35668,3053,24404
pre-transaction,783661ce7-pretxn,x86_64,memory,metadata_csum+64bit+journal,xattr-external,512,3,20,7,35735,3198,24388
pre-transaction,783661ce7-pretxn,x86_64,memory,metadata_csum+64bit+journal,xattr-external,512,3,20,8,35496,2988,24322
pre-transaction,783661ce7-pretxn,x86_64,memory,metadata_csum+64bit+journal,xattr-external,512,3,20,9,35677,3011,24246
pre-transaction,783661ce7-pretxn,x86_64,memory,metadata_csum+64bit+journal,xattr-external,512,3,20,10,35551,2963,24440
pre-transaction,783661ce7-pretxn,x86_64,memory,metadata_csum+64bit+journal,xattr-external,512,3,20,11,35537,3040,24375
pre-transaction,783661ce7-pretxn,x86_64,memory,metadata_csum+64bit+journal,xattr-external,512,3,20,12,35547,3136,24511
pre-transaction,783661ce7-pretxn,x86_64,memory,metadata_csum+64bit+journal,xattr-external,512,3,20,13,36927,3384,24229
pre-transaction,783661ce7-pretxn,x86_64,memory,metadata_csum+64bit+journal,xattr-external,512,3,20,14,36366,3306,24352
pre-transaction,783661ce7-pretxn,x86_64,memory,metadata_csum+64bit+journal,xattr-external,512,3,20,15,36670,3484,24507
pre-transaction,783661ce7-pretxn,x86_64,memory,metadata_csum+64bit+journal,xattr-external,512,3,20,16,36850,3401,24605
pre-transaction,783661ce7-pretxn,x86_64,memory,metadata_csum+64bit+journal,xattr-external,512,3,20,17,36886,3331,24440
pre-transaction,783661ce7-pretxn,x86_64,memory,metadata_csum+64bit+journal,xattr-external,512,3,20,18,36609,3428,24847
pre-transaction,783661ce7-pretxn,x86_64,memory,metadata_csum+64bit+journal,xattr-external,512,3,20,19,104640,3525,42448
full-copy,a51017e08,x86_64,memory,metadata_csum+64bit+journal,xattr-external,512,3,20,0,36770,3148,25326
full-copy,a51017e08,x86_64,memory,metadata_csum+64bit+journal,xattr-external,512,3,20,1,42425,3535,25691
full-copy,a51017e08,x86_64,memory,metadata_csum+64bit+journal,xattr-external,512,3,20,2,38124,3299,25434
full-copy,a51017e08,x86_64,memory,metadata_csum+64bit+journal,xattr-external,512,3,20,3,38135,3255,25385
full-copy,a51017e08,x86_64,memory,metadata_csum+64bit+journal,xattr-external,512,3,20,4,37761,3398,25347
full-copy,a51017e08,x86_64,memory,metadata_csum+64bit+journal,xattr-external,512,3,20,5,38842,3634,25335
full-copy,a51017e08,x86_64,memory,metadata_csum+64bit+journal,xattr-external,512,3,20,6,37699,3295,25593
full-copy,a51017e08,x86_64,memory,metadata_csum+64bit+journal,xattr-external,512,3,20,7,38577,3270,25376
full-copy,a51017e08,x86_64,memory,metadata_csum+64bit+journal,xattr-external,512,3,20,8,38555,3323,25948
full-copy,a51017e08,x86_64,memory,metadata_csum+64bit+journal,xattr-external,512,3,20,9,38735,3275,25970
full-copy,a51017e08,x86_64,memory,metadata_csum+64bit+journal,xattr-external,512,3,20,10,42981,3344,26141
full-copy,a51017e08,x86_64,memory,metadata_csum+64bit+journal,xattr-external,512,3,20,11,39474,3145,25958
full-copy,a51017e08,x86_64,memory,metadata_csum+64bit+journal,xattr-external,512,3,20,12,39096,3272,25907
full-copy,a51017e08,x86_64,memory,metadata_csum+64bit+journal,xattr-external,512,3,20,13,41718,3397,26135
full-copy,a51017e08,x86_64,memory,metadata_csum+64bit+journal,xattr-external,512,3,20,14,38430,3293,25915
full-copy,a51017e08,x86_64,memory,metadata_csum+64bit+journal,xattr-external,512,3,20,15,38856,3327,25698
full-copy,a51017e08,x86_64,memory,metadata_csum+64bit+journal,xattr-external,512,3,20,16,38316,3312,25956
full-copy,a51017e08,x86_64,memory,metadata_csum+64bit+journal,xattr-external,512,3,20,17,38834,3297,26134
full-copy,a51017e08,x86_64,memory,metadata_csum+64bit+journal,xattr-external,512,3,20,18,39133,3271,25923
full-copy,a51017e08,x86_64,memory,metadata_csum+64bit+journal,xattr-external,512,3,20,19,43670,3272,25939
touched-cow,1ffabfbb5,x86_64,memory,metadata_csum+64bit+journal,xattr-external,512,3,20,0,36227,2851,24599
touched-cow,1ffabfbb5,x86_64,memory,metadata_csum+64bit+journal,xattr-external,512,3,20,1,38269,2902,25105
touched-cow,1ffabfbb5,x86_64,memory,metadata_csum+64bit+journal,xattr-external,512,3,20,2,37265,2827,25202
touched-cow,1ffabfbb5,x86_64,memory,metadata_csum+64bit+journal,xattr-external,512,3,20,3,37993,2804,25126
touched-cow,1ffabfbb5,x86_64,memory,metadata_csum+64bit+journal,xattr-external,512,3,20,4,37855,2767,25025
touched-cow,1ffabfbb5,x86_64,memory,metadata_csum+64bit+journal,xattr-external,512,3,20,5,38264,2824,25039
touched-cow,1ffabfbb5,x86_64,memory,metadata_csum+64bit+journal,xattr-external,512,3,20,6,37885,2742,24853
touched-cow,1ffabfbb5,x86_64,memory,metadata_csum+64bit+journal,xattr-external,512,3,20,7,38303,2800,24984
touched-cow,1ffabfbb5,x86_64,memory,metadata_csum+64bit+journal,xattr-external,512,3,20,8,37426,2708,25075
touched-cow,1ffabfbb5,x86_64,memory,metadata_csum+64bit+journal,xattr-external,512,3,20,9,37661,2837,24955
touched-cow,1ffabfbb5,x86_64,memory,metadata_csum+64bit+journal,xattr-external,512,3,20,10,37602,2866,25248
touched-cow,1ffabfbb5,x86_64,memory,metadata_csum+64bit+journal,xattr-external,512,3,20,11,42519,3604,26073
touched-cow,1ffabfbb5,x86_64,memory,metadata_csum+64bit+journal,xattr-external,512,3,20,12,37465,2785,25097
touched-cow,1ffabfbb5,x86_64,memory,metadata_csum+64bit+journal,xattr-external,512,3,20,13,37175,2768,24892
touched-cow,1ffabfbb5,x86_64,memory,metadata_csum+64bit+journal,xattr-external,512,3,20,14,37708,2792,24843
touched-cow,1ffabfbb5,x86_64,memory,metadata_csum+64bit+journal,xattr-external,512,3,20,15,37309,2807,25119
touched-cow,1ffabfbb5,x86_64,memory,metadata_csum+64bit+journal,xattr-external,512,3,20,16,37593,2823,25288
touched-cow,1ffabfbb5,x86_64,memory,metadata_csum+64bit+journal,xattr-external,512,3,20,17,37908,2788,24979
touched-cow,1ffabfbb5,x86_64,memory,metadata_csum+64bit+journal,xattr-external,512,3,20,18,37847,2772,25123
touched-cow,1ffabfbb5,x86_64,memory,metadata_csum+64bit+journal,xattr-external,512,3,20,19,38414,3306,25195
